Strain (mm/mm)	Stress (MPa)
0	0
0.000052	0.242005981
0.000052	1.534772971
0.00002	3.492884038
0.000044	5.027657009
0.000092	7.029205047
0.000164	8.885273707
0.000128	10.75582136
0.000152	12.40642625
0.000232	14.52518516
0.000232	16.45433825
0.0002	18.28834369
0.0002635	20.10787013
0.0002795	22.19008683
0.000256	24.03098702
0.0003275	25.63884442
0.0003915	27.72864535
0.0003715	29.5254191
0.0003915	31.38148776
0.0004635	33.17895098
0.0004755	35.26116768
0.0004515	37.20479976
0.0004955	39.03191044
0.000543	40.85833164
0.000527	42.54547875
0.0004995	44.80351176
0.0005035	46.2652003
0.000583	48.28812209
0.000603	49.90356372
0.000655	51.87615377
0.000615	53.47642694
0.000687	55.17115828
0.000707	57.28302243
0.000671	59.11702787
0.000711	60.98688604
0.000751	62.73401754
0.000787	64.88173443
0.000779	66.55509202
0.000747	68.46907664
0.0008025	70.34720853
0.0008825	72.2170667
0.0008985	73.75183967
0.0009105	75.66582429
0.0010105	77.20059726
0.00107	79.06356068
0.001062	80.99960853
0.0010185	82.7019241
0.0010505	84.26565505
0.001114	85.92453365
0.00119	87.96331338
0.001174	89.91384021
0.00117	91.50583967
0.001234	93.27503439
0.001262	95.27589295
0.001266	97.11817209
0.001298	98.65983982
0.0013655	100.6172614
0.0013655	102.3202665
0.0013535	103.9715608
0.0014175	105.8641717
0.0014735	107.6685297
0.0014375	109.1957184
0.0014855	110.8021969
0.0015415	112.6658498
0.0015335	114.5805239
0.0015495	116.1801075
0.001637	117.9630918
0.001597	119.8412237
0.001649	121.3753072
0.001673	123.296876
0.001693	124.846128
0.001745	126.5849858
0.001757	128.4479492
0.001725	130.14337
0.001805	131.8229329
0.001809	133.4307903
0.001829	135.2351482
0.001821	136.9236743
0.0018885	138.6473636
0.0018885	140.3358897
0.0019125	141.9499524
0.0019325	143.7115628
0.0019445	145.4642101
0.0019765	147.0865465
0.0019765	148.7081934
0.0020365	150.5428884
0.0020245	152.0914508
0.0020685	153.9406247
0.0020845	155.5546874
0.0021125	157.3955876
0.002132	158.9372553
0.002152	160.5009863
0.002184	162.1309069
0.002208	163.789096
0.002224	165.4921011
0.00226	167.0841005
0.00224	168.7209159
0.002272	170.3067101
0.00228	171.88492
0.002316	173.6092988
0.002316	175.2681774
0.002344	177.0215142
0.002332	178.803809
0.0023915	180.2944555
0.0024035	182.0408975
0.0024275	183.7501078
0.0024235	185.1235435
0.0024835	187.0085701
0.0024755	188.4550902
0.0025035	190.0264054
0.0025515	191.5756574
0.0025195	193.0587196
0.0025355	194.753451
0.0025395	196.5226457
0.0025195	198.2683982
0.0025795	200.0444877
0.002643	201.5054868
0.0025995	203.0830073
0.0026355	204.7129279
0.002719	206.1084267
0.002691	207.6942209
0.002751	209.2214097
0.002795	211.1498733
0.002775	212.6184566
0.002835	214.5400254
0.002867	215.9065663
0.002855	217.3606706
0.0029425	218.8878594
0.002903	220.6846331
0.0029545	222.1242584
0.0029745	223.6804052
0.0030265	225.4337419
0.0029865	226.9388674
0.0030345	228.1964712
0.0031065	230.0077239
0.0031305	231.5790391
0.0031185	233.1344963
0.0031305	234.8595646
0.0031345	236.3426269
0.003214	237.803626
0.003266	239.6010892
0.003274	241.3040942
0.00327	242.8230093
0.003282	244.4232824
0.00331	245.8187813
0.003394	247.4114702
0.003358	248.938659
0.003386	250.17351
0.003354	252.0082049
0.003418	253.3740563
0.0034775	254.8791818
0.0034895	256.6401029
0.0035135	258.0059543
0.0034775	259.6868961
0.0035415	261.2437323
0.0036015	262.7405841
0.0035695	264.5821738
0.0036055	265.9852569
0.0036495	267.4538402
0.003705	269.0320501
0.0036655	270.4640912
0.003721	272.0781539
0.003789	273.7080745
0.003801	275.1035734
0.003785	276.4694248
0.003877	277.9966135
0.003861	279.6851396
0.003865	281.2185336
0.003889	282.343758
0.003941	284.0908895
0.003929	285.6387625
0.0039885	286.8232818
0.003965	288.5324921
0.0040325	289.9066173
0.0041005	291.5723906
0.0040965	292.9306578
0.0040725	294.4288886
0.0041485	295.8829929
0.0041645	297.483266
0.0041245	298.9077229
0.0041085	300.1653266
0.0041845	301.8083473
0.0041445	303.2403884
0.0041125	304.4614499
0.0041725	306.1265338
0.004232	307.5220326
0.004232	309.0933478
0.0042245	310.3799095
0.004248	312.0525776
0.004284	313.6011401
0.004316	314.9456178
0.00428	316.4652223
0.004364	317.8758896
0.004364	319.2272621
0.00436	320.9006197
0.00434	322.1278865
0.004428	323.5523433
0.004452	324.9781791
0.004396	326.2123407
0.00444	327.4320232
0.004484	329.0398806
0.004492	330.5746536
0.0045035	331.5316459
0.0045275	333.0291872
0.0045715	334.3957281
0.0045715	335.7615795
0.0045755	337.1143309
0.0046155	338.2678238
0.0046235	339.6343647
0.0046115	340.8181945
0.0046555	341.7386446
0.0047075	342.8273268
0.0046795	343.9235932
0.0047035	344.9247119
0.004819	345.647972
0.004831	346.6270275
0.004803	347.4302667
0.004827	348.1100898
0.004911	348.9057448
0.004947	349.5786731
0.004971	350.4115598
0.005007	350.7404397
0.0050865	351.3464889
0.0051105	352.0118329
0.0051465	352.420692
0.0051905	352.8660934
0.0052745	353.3707896
0.00531	353.5459164
0.005342	354.1305918
0.005458	354.0506127
0.005466	354.6421828
0.005514	355.022084
0.0055695	355.1027526
0.0056655	355.5998646
0.0056695	355.6936333
0.0057375	356.0156185
0.0058055	356.2934772
0.005849	356.5933991
0.005913	357.0098425
0.005961	357.0532795
0.006045	357.3090749
0.0060965	357.5724547
0.0061325	357.7399973
0.0062045	358.003377
0.0062965	358.1778144
0.0063485	358.558405
0.006408	358.5880524
0.006484	358.8576374
0.006512	358.9527851
0.006548	358.8872849
0.0066315	359.1720384
0.0066595	359.3471652
0.0067195	359.6250239
0.0068155	359.8297982
0.0068595	359.9104669
0.006899	360.2021151
0.006967	360.3848262
0.007063	360.5820162
0.0071465	360.7357693
0.0071745	360.7943748
0.0072185	361.1956496
0.0072985	361.1735864
0.0073105	361.4597188
0.0073665	361.5390085
0.007422	361.6196772
0.00749	361.7879093
0.00757	362.0650785
0.007586	362.1016207
0.007642	361.9340781
0.0077055	362.3946479
0.0078175	362.5325431
0.0078575	362.6718172
0.0078935	362.8476335
0.007961	362.9717391
0.008033	363.3881824
0.008081	363.2054714
0.008149	363.5047038
0.0082245	363.6584569
0.0082725	363.7901468
0.0083205	363.8191048
0.0083805	363.81221
0.0084245	364.0011264
0.008472	364.0893793
0.008556	364.1548795
0.008632	364.3162168
0.008708	364.4761751
0.0087795	364.7174916
0.0088315	364.7547233
0.0088675	364.9008922
0.0088915	364.9732871
0.0089515	365.2221879
0.009047	365.3980042
0.009115	365.5283151
0.009135	365.4262727
0.009175	365.660005
0.009235	365.8578845
0.0093025	365.9158005
0.0094025	365.9888849
0.0094945	366.2302014
0.00955	366.4053282
0.009566	366.2888068
0.009618	366.5956235
0.009682	366.5880393
0.009742	366.5659761
0.0098115	366.8300453
0.0099115	366.9603562
0.0099115	367.1947779
0.0099115	367.2168412
0.0100115	367.2823414
0.0101115	367.3988628
0.0102115	367.7063689
0.0102115	367.8304746
0.0103115	367.8091008
0.0104115	368.0862701
0.0104115	368.129707
0.0105115	368.2765654
0.0105115	368.3055233
0.0106115	368.3999815
0.0106115	368.3855025
0.0107115	368.4144605
0.0107115	368.655777
0.0108115	368.61234
0.0109115	368.9922412
0.0109115	369.3211211
0.0110115	369.167368
0.0111115	369.4011003
0.0112115	369.4300582
0.0112115	369.6203535
0.0112115	369.7451487
0.0113115	369.876149
0.0113115	369.9561282
0.0114115	369.9561282
0.0115115	369.9712967
0.0116115	370.1098813
0.0116115	370.1829657
0.0117115	370.3801558
0.0117115	370.3580926
0.0118115	370.5559721
0.0118115	370.5483879
0.0119115	370.6145775
0.0120115	371.1475423
0.0120115	371.2502742
0.0121115	371.3295639
0.0121115	371.2647532
0.0122115	371.4033378
0.0123115	371.6446543
0.0123115	371.5860488
0.0124115	371.6301753
0.0125115	371.9142393
0.0126115	372.0169712
0.0126115	371.951471
0.0127115	372.0976398
0.0127115	372.2720772
0.0128115	372.3748091
0.0128115	372.5506254
0.0129115	372.6161256
0.0130115	372.7691892
0.0129115	372.7043785
0.0130115	372.9519003
0.0131115	373.0105057
0.0132115	373.273196
0.0133115	373.229759
0.0133115	373.5738074
0.0133115	373.4490123
0.0134115	373.5441599
0.0135115	373.7627237
0.0135115	373.8875188
0.0135115	373.755829
0.0136115	373.7627237
0.0137115	373.9164768
0.0137115	374.2088145
0.0137115	374.2012303
0.0138115	374.2887937
0.0138115	374.4204836
0.0139115	374.5528629
0.0140115	374.7273003
0.0140115	374.8224479
0.0140115	375.0568697
0.0141115	375.1375383
0.0142115	375.1878701
0.0143115	375.1589121
0.0143115	375.4002286
0.0143115	375.2388913
0.0144115	375.4216023
0.0145115	375.3781654
0.0146115	375.2830177
0.0146115	375.5974186
0.0146115	375.8090877
0.0147115	375.6987716
0.0148115	375.8601089
0.0149115	376.04282
0.0149115	376.1814046
0.0149115	376.2765522
0.0150115	376.5909532
0.0151115	376.6785166
0.0151115	376.6206006
0.0151115	376.5764742
0.0152115	376.8536434
0.0153115	376.9053541
0.0153115	376.9487911
0.0153115	376.8467487
0.0155115	377.1025441
0.0156115	377.263192
0.0155115	377.1970023
0.0156115	377.3872976
0.0157115	377.4603821
0.0157115	377.7816777
0.0158115	377.81822
0.0158115	377.8547622
0.0158115	377.9354308
0.0160115	378.0967681
0.0160115	378.0891839
0.0161115	378.4546061
0.0161115	378.0381627
0.0162115	378.4615008
0.0163115	378.9655076
0.0162115	378.5276905
0.0163115	378.4325428
0.0164115	378.6511066
0.0165115	378.6214592
0.0165115	378.8048597
0.0165115	378.6580014
0.0166115	378.9875708
0.0167115	379.1040922
0.0167115	379.1185712
0.0168115	379.3529929
0.0168115	379.4040141
0.0169115	379.5432882
0.0169115	379.7397888
0.0170115	379.761852
0.0171115	380.1341689
0.0171115	380.032816
0.0171115	380.258964
0.0172115	380.2437956
0.0173115	380.2148376
0.0173115	380.1782954
0.0174115	380.2513798
0.0174115	380.302401
0.0175115	380.3685907
0.0175115	380.5871545
0.0176115	380.6533441
0.0177115	380.7774498
0.0178115	381.04014
0.0178115	380.9973925
0.0178115	381.0766822
0.0179115	381.3331672
0.0180115	381.0911612
0.0180115	381.5220836
0.0181115	381.551731
0.0181115	381.5737942
0.0182115	381.7709843
0.0183115	381.7199631
0.0183115	381.9543848
0.0184115	381.7054841
0.0184115	382.3122227
0.0185115	381.9909271
0.0186115	382.1584697
0.0186115	382.4508074
0.0187115	382.4866601
0.0187115	382.6479974
0.0188115	382.8238137
0.0189115	382.8451875
0.0189115	382.7286661
0.0190115	382.9623984
0.0190115	382.8382927
0.0191115	383.3719469
0.0192115	383.1520042
0.0192115	383.2692151
0.0193115	383.5022579
0.0193115	383.4229681
0.0194115	383.3567785
0.0194115	383.4450314
0.0195115	383.8173483
0.0196115	383.8028693
0.0196115	383.7077216
0.0196115	383.9414539
0.0197115	384.0434963
0.0198115	383.9049117
0.0198115	384.2848128
0.0199115	384.4964819
0.0200115	384.4668344
0.0200115	384.4744186
0.0201115	384.861904
0.0201115	384.9136147
0.0201115	384.9060304
0.0203115	384.7743406
0.0203115	385.0956363
0.0203115	385.0811573
0.0204115	384.818467
0.0205115	385.0811573
0.0205115	385.2638683
0.0206115	385.4679532
0.0206115	385.5631008
0.0207115	385.4100372
0.0207115	385.6947907
0.0208115	385.6878959
0.0208115	385.599643
0.0209115	385.9574809
0.0209115	385.856128
0.0210115	386.1188182
0.0210115	386.0746918
0.0211115	386.0236706
0.0212115	386.2939451
0.0212115	386.1036498
0.0212115	386.1774237
0.0213115	386.2139659
0.0214115	386.2505081
0.0215115	386.4180507
0.0215115	386.6448882
0.0215115	386.5862828
0.0215115	386.7034937
0.0216115	386.9806629
0.0217115	387.0316841
0.0218115	387.1123528
0.0218115	387.1930214
0.0218115	387.5143171
0.0218115	387.134416
0.0219115	387.3467745
0.0220115	387.5653383
0.0220115	387.5287961
0.0221115	387.4770854
0.0221115	387.4770854
0.0222115	387.7997601
0.0222115	387.886634
0.0223115	387.6825492
0.0224115	388.0328029
0.0224115	388.1569085
0.0224115	388.0107396
0.0225115	388.3106616
0.0226115	388.2086192
0.0227115	388.2672246
0.0227115	388.2230982
0.0228115	388.6540205
0.0229115	388.6250625
0.0229115	388.8077736
0.0229115	388.6684995
0.0230115	388.8725843
0.0231115	388.7050417
0.0232115	388.8001893
0.0232115	389.0194426
0.0233115	389.1876747
0.0234115	389.1145903
0.0234115	389.121485
0.0235115	389.3476331
0.0236115	389.4138227
0.0236115	389.6110128
0.0237115	389.6551393
0.0237115	389.7213289
0.0238115	389.8447451
0.0239115	389.6696182
0.0239115	390.1081248
0.0240115	390.1887935
0.0240115	390.2108567
0.0240115	390.2542937
0.0241115	390.2977306
0.0242115	390.3777098
0.0243115	390.2618779
0.0243115	390.5390471
0.0244115	390.6928002
0.0244115	390.6486738
0.0245115	390.7148634
0.0246115	390.882406
0.0246115	390.8306954
0.0246115	391.0947646
0.0247115	391.2188702
0.0248115	391.1899122
0.0249115	391.3643496
0.0250115	391.408476
0.0250115	391.4891447
0.0251115	391.5767081
0.0251115	391.6208346
0.0251115	391.5477501
0.0252115	391.5987713
0.0253115	391.6208346
0.0254115	391.6428978
0.0254115	391.9124828
0.0254115	391.9786725
0.0255115	392.0807149
0.0255115	392.234468
0.0255115	392.2847997
0.0256115	392.475095
0.0257115	392.446137
0.0257115	392.6067848
0.0258115	392.7598485
0.0259115	392.5923059
0.0259115	392.7453695
0.0260115	392.8549961
0.0260115	392.8991226
0.0261115	392.8329329
0.0261115	392.9356648
0.0262115	393.1038968
0.0262115	393.0963126
0.0263115	393.2493762
0.0263115	393.3445239
0.0264115	393.2935027
0.0264115	393.3003974
0.0265115	393.5713614
0.0265115	393.6375511
0.0266115	393.6596143
0.0266115	393.6961565
0.0267115	393.8340516
0.0267115	393.8781781
0.0269115	394.0464102
0.0269115	394.1194946
0.0269115	394.1415578
0.0270115	394.163621
0.0270115	394.2063685
0.0271115	394.4918115
0.0271115	394.3601216
0.0272115	394.4111428
0.0272115	394.5435222
0.0273115	394.6090224
0.0274115	394.6600436
0.0274115	394.7841492
0.0275115	395.1281976
0.0275115	394.959276
0.0276115	395.0764869
0.0276115	395.0985501
0.0277115	395.3833036
0.0278115	395.4198458
0.0279115	395.4122616
0.0279115	395.5439514
0.0279115	395.4860355
0.0280115	395.5149935
0.0280115	395.5005145
0.0281115	395.7700995
0.0282115	395.8804156
0.0282115	395.9535
0.0283115	396.0410634
0.0283115	396.1293163
0.0284115	396.3037537
0.0285115	396.3768381
0.0285115	396.5526544
0.0286115	396.3037537
0.0287115	396.6395284
0.0287115	396.9325556
0.0287115	396.734676
0.0288115	396.8298237
0.0289115	396.8008657
0.0289115	397.020119
0.0290115	397.0932034
0.0290115	396.7932815
0.0291115	397.0642454
0.0292115	397.3338304
0.0292115	397.3855411
0.0292115	397.4144991
0.0294115	397.4289781
0.0294115	397.5537732
0.0295115	397.8088792
0.0295115	397.772337
0.0296115	397.8819636
0.0297115	397.9991745
0.0298115	397.9405691
0.0298115	398.4080336
0.0298115	398.312886
0.0299115	398.2329068
0.0300115	398.2032593
0.0300115	398.3059912
0.0300115	398.4521601
0.0300115	398.2618648
0.0301115	398.4156179
0.0302115	398.6121184
0.0303115	398.5183497
0.0303115	398.9051456
0.0303115	399.0223565
0.0304115	398.9713353
0.0305115	399.1823149
0.0305115	399.7449271
0.0305115	399.4532788
0.0306115	399.2553993
0.0306115	399.3870892
0.0307115	399.6573636
0.0308115	399.6132372
0.0308115	399.4974053
0.0308115	399.7380323
0.0309115	399.6939059
0.0309115	399.5987582
0.0310115	399.576695
0.0311115	399.7814693
0.0312115	399.9207434
0.0312115	400.2130811
0.0312115	400.3957921
0.0312115	400.3882079
0.0313115	400.2496233
0.0313115	400.2420391
0.0314115	400.3371867
0.0315115	400.5633347
0.0315115	400.6508982
0.0316115	400.4033764
0.0317115	400.8411935
0.0317115	400.8267145
0.0317115	400.5702295
0.0318115	400.9728833
0.0319115	400.8708409
0.0319115	401.2797
0.0319115	401.0528625
0.0319115	401.3893267
0.0321115	401.3307212
0.0321115	401.2066156
0.0322115	401.5423903
0.0322115	401.2797
0.0323115	401.4258689
0.0323115	401.4699953
0.0324115	401.6520169
0.0325115	401.6961434
0.0326115	401.7106224
0.0326115	401.9085019
0.0327115	401.9519389
0.0327115	401.9153966
0.0327115	401.7988752
0.0328115	402.1346499
0.0329115	402.2366923
0.0329115	402.0539813
0.0330115	402.2663398
0.0330115	402.2732346
0.0331115	402.2732346
0.0332115	402.6607199
0.0332115	403.0109736
0.0333115	402.8510152
0.0333115	402.8875574
0.0334115	402.9744314
0.0334115	403.2743533
0.0335115	403.1206002
0.0336115	403.2598743
0.0336115	403.2819375
0.0337115	403.2088531
0.0337115	402.9744314
0.0338115	403.0551
0.0339115	403.6832124
0.0339115	403.3474377
0.0340115	403.7349231
0.0340115	403.5515225
0.0341115	403.8004233
0.0341115	403.9252184
0.0342115	403.6542544
0.0343115	404.2099719
0.0343115	403.9396974
0.0343115	403.9396974
0.0344115	403.8369655
0.0344115	404.0265713
0.0345115	404.2975353
0.0345115	403.9976133
0.0346115	404.0189871
0.0347115	404.2975353
0.0348115	404.4940359
0.0348115	404.4071619
0.0349115	404.6843312
0.0349115	404.6698522
0.0350115	404.6774364
0.0350115	404.8822107
0.0351115	404.816021
0.0351115	404.3416617
0.0352115	404.9042739
0.0353115	404.9546057
0.0353115	405.1007745
0.0354115	405.3496752
0.0354115	405.0352743
0.0355115	405.2035064
0.0356115	405.3572595
0.0356115	405.2545276
0.0356115	405.3496752
0.0357115	405.313133
0.0357115	405.4220702
0.0358115	405.5758233
0.0359115	405.8757452
0.0359115	405.8323083
0.0359115	405.6123655
0.0360115	405.9702034
0.0361115	406.1094775
0.0361115	406.094309
0.0362115	406.336315
0.0363115	406.3287308
0.0363115	406.2046252
0.0363115	406.2701253
0.0364115	406.4011257
0.0364115	406.2701253
0.0365115	406.423189
0.0366115	406.5693578
0.0366115	406.4452522
0.0366115	406.6279632
0.0367115	406.3728572
0.0368115	406.5990053
0.0368115	406.8182585
0.0368115	406.6865687
0.0369115	406.7961953
0.0370115	406.9347799
0.0370115	406.9127167
0.0371115	407.0368224
0.0372115	407.2857231
0.0372115	407.1760965
0.0372115	407.3663918
0.0373115	407.4167235
0.0373115	407.1760965
0.0373115	407.2712441
0.0374115	407.088533
0.0375115	407.5849556
0.0375115	407.3946603
0.0376115	407.4532657
0.0377115	407.4973921
0.0377115	407.614603
0.0378115	407.7683561
0.0378115	407.7318139
0.0379115	407.7683561
0.0379115	407.9062512
0.0381115	407.9207302
0.0381115	408.0310464
0.0382115	408.126194
0.0383115	408.3089051
0.0382115	408.2944261
0.0383115	408.1482572
0.0384115	408.2213417
0.0385115	408.3233841
0.0386115	408.3813
0.0386115	408.6005533
0.0386115	408.5350531
0.0387115	408.6005533
0.0388115	408.7253484
0.0388115	408.9294332
0.0389115	408.8411803
0.0389115	408.7474116
0.0390115	408.8487646
0.0391115	408.9949334
0.0392115	409.1121443
0.0392115	409.3313976
0.0393115	409.3176081
0.0393115	409.3458766
0.0394115	409.192813
0.0395115	409.1859182
0.0395115	409.3458766
0.0396115	409.4113768
0.0396115	409.3968978
0.0396115	409.4555032
0.0397115	409.5506509
0.0397115	409.6092563
0.0398115	409.7188829
0.0398115	409.7409462
0.0399115	410.0112206
0.0399115	409.8354043
0.0400115	410.0112206
0.0401115	410.0256996
0.0401115	410.2601214
0.0402115	410.1863475
0.0402115	410.2159949
0.0403115	410.0698261
0.0403115	409.8422991
0.0404115	410.2304739
0.0404115	410.1353263
0.0405115	410.3614743
0.0406115	410.3173479
0.0406115	410.5297064
0.0407115	410.5221222
0.0407115	410.6172698
0.0408115	410.8213546
0.0408115	410.7923966
0.0408115	411.0702554
0.0409115	410.8289389
0.0410115	411.0268184
0.0410115	411.0633606
0.0411115	411.1950505
0.0411115	411.3039876
0.0412115	411.2095295
0.0413115	411.3108824
0.0413115	411.1729872
0.0414115	411.4432617
0.0414115	411.4798039
0.0415115	411.3260509
0.0416115	411.5749516
0.0416115	411.6990572
0.0417115	411.7431837
0.0417115	411.8445366
0.0418115	412.0348319
0.0418115	411.8955578
0.0419115	412.1299796
0.0420115	412.159627
0.0420115	412.3271696
0.0421115	412.1444585
0.0422115	412.3561276
0.0421115	412.3706066
0.0422115	412.3781908
0.0423115	412.3857751
0.0423115	412.3195854
0.0425115	412.8015289
0.0426115	412.5243597
0.0427115	412.671218
0.0427115	412.714655
0.0427115	412.9042608
0.0428115	413.0283664
0.0429115	413.0359507
0.0429115	413.3427674
0.0429115	413.2324512
0.0429115	413.1242036
0.0430115	413.452394
0.0430115	413.4227465
0.0431115	413.4599782
0.0431115	413.2696829
0.0432115	413.5551259
0.0433115	413.481352
0.0434115	413.437915
0.0434115	413.8467741
0.0434115	413.7661055
0.0434115	413.7516265
0.0435115	413.7150843
0.0436115	413.8977953
0.0436115	414.0591326
0.0437115	414.0005272
0.0438115	414.4093863
0.0438115	414.2997597
0.0438115	414.3949073
0.0438115	414.5486604
0.0439115	414.2487385
0.0440115	414.4824707
0.0440115	414.2411542
0.0441115	414.3287177
0.0441115	414.1611751
0.0441115	414.1832383
0.0442115	414.2921754
0.0442115	414.5555552
0.0443115	414.5631394
0.0444115	414.7527452
0.0444115	414.9499353
0.0445115	414.8547876
0.0445115	414.9795827
0.0446115	415.0085407
0.0446115	415.3153574
0.0447115	414.8989141
0.0447115	415.2863994
0.0448115	415.0457724
0.0449115	415.242273
0.0449115	415.227794
0.0450115	415.0823146
0.0450115	415.4615263
0.0451115	415.271231
0.0451115	415.5863214
0.0453115	415.3739629
0.0453115	415.6083846
0.0453115	415.782822
0.0454115	415.7462798
0.0455115	415.9875963
0.0455115	416.0027647
0.0456115	415.9586383
0.0457115	416.0172437
0.0457115	416.4847083
0.0458115	416.4192081
0.0458115	416.3385394
0.0459115	416.2578707
0.0459115	416.3454342
0.0460115	416.3385394
0.0460115	416.1703073
0.0461115	416.4040396
0.0461115	416.3385394
0.0462115	416.4192081
0.0463115	416.5212505
0.0463115	416.5433137
0.0464115	416.6887931
0.0465115	416.6667298
0.0465115	416.9962992
0.0466115	417.0473204
0.0466115	416.9301096
0.0467115	416.7329195
0.0467115	416.9232148
0.0467115	416.9087358
0.0468115	417.0252572
0.0468115	417.0038835
0.0469115	417.1417786
0.0470115	416.9521728
0.0470115	416.7108563
0.0471115	417.0038835
0.0471115	417.1135101
0.0471115	417.4196373
0.0472115	417.4196373
0.0472115	417.3762004
0.0472115	417.3244897
0.0473115	417.5223692
0.0474115	417.6602644
0.0475115	417.5954537
0.0475115	417.6678486
0.0476115	417.4934112
0.0476115	417.5223692
0.0477115	417.7340383
0.0478115	417.7188698
0.0479115	417.9022704
0.0479115	417.7629963
0.0480115	417.9312283
0.0480115	417.8216017
0.0481115	417.8071227
0.0482115	417.9753548
0.0483115	417.8436649
0.0483115	418.1353131
0.0483115	418.2015028
0.0483115	418.1794396
0.0484115	418.4062771
0.0485115	418.552446
0.0486115	418.3697349
0.0486115	418.3773191
0.0487115	418.4869458
0.0488115	418.7420518
0.0488115	418.4938405
0.0489115	418.6544884
0.0489115	418.7861782
0.0490115	418.5896777
0.0491115	418.6979253
0.0491115	418.7130938
0.0492115	418.9619945
0.0493115	419.0206
0.0494115	419.0054315
0.0494115	419.275706
0.0494115	419.1440161
0.0494115	419.2315796
0.0495115	419.1729741
0.0495115	419.4735855
0.0496115	419.561149
0.0497115	419.3198324
0.0497115	419.4584171
0.0498115	419.4735855
0.0498115	419.4584171
0.0499115	419.4294591
0.0499115	419.5101278
0.0499115	419.3784379
0.0500115	419.5894175
0.0501115	419.3122482
0.0502115	419.7142126
0.0502115	419.7507548
0.0502115	419.801776
0.0503115	419.9479448
0.0504115	420.1816771
0.0504115	420.1154874
0.0505115	420.0865295
0.0505115	420.1154874
0.0506115	420.0210293
0.0507115	420.2251141
0.0507115	420.2547615
0.0508115	420.2837195
0.0508115	420.1085927
0.0509115	420.2106351
0.0509115	420.2547615
0.0510115	420.4009304
0.0510115	420.4154094
0.0511115	420.5981204
0.0512115	420.6780996
0.0512115	420.7953105
0.0512115	420.6270784
0.0513115	420.9056266
0.0513115	420.9421688
0.0515115	420.8835634
0.0516115	421.0876482
0.0516115	421.3069015
0.0516115	421.2338171
0.0517115	421.1607326
0.0518115	421.2558803
0.0519115	421.1676274
0.0519115	421.2779435
0.0519115	421.51926
0.0520115	421.336549
0.0521115	421.4241124
0.0522115	421.5985497
0.0523115	421.5406338
0.0522115	421.8260767
0.0523115	421.7819503
0.0524115	421.9212244
0.0524115	422.117725
0.0524115	422.0956617
0.0525115	422.0301615
0.0526115	422.1397882
0.0527115	422.088767
0.0528115	422.271478
0.0528115	422.3742099
0.0528115	422.4031679
0.0528115	422.2935413
0.0529115	422.300436
0.0529115	422.3811047
0.0529115	422.2569991
0.0530115	422.271478
0.0531115	422.271478
0.0532115	422.6658582
0.0532115	422.8561535
0.0533115	422.783069
0.0533115	422.8706324
0.0533115	422.9002799
0.0534115	423.052654
0.0535115	422.6948161
0.0535115	423.0016328
0.0535115	422.8416745
0.0536115	422.8485692
0.0536115	423.0747173
0.0537115	423.1478017
0.0538115	423.2870758
0.0538115	423.0236961
0.0538115	423.338097
0.0539115	423.1629702
0.0539115	423.2429493
0.0540115	423.6890401
0.0541115	423.5421818
0.0541115	423.6890401
0.0542115	423.5352871
0.0543115	423.6159557
0.0543115	423.5277028
0.0544115	423.3967024
0.0544115	423.6449137
0.0545115	423.6738717
0.0545115	423.6373295
0.0546115	423.6593927
0.0547115	424.0027516
0.0547115	423.8717512
0.0548115	423.8793354
0.0549115	424.0834203
0.0549115	424.3688632
0.0550115	423.835209
0.0550115	424.0392938
0.0551115	424.1344415
0.0552115	424.3392157
0.0552115	424.2585471
0.0553115	424.4343634
0.0553115	424.572948
0.0554115	424.3833422
0.0554115	424.5508848
0.0555115	424.4495319
0.0555115	424.7777223
0.0556115	424.2957788
0.0556115	424.4054054
0.0557115	424.7411801
0.0558115	424.7115326
0.0558115	424.8804542
0.0559115	424.7046379
0.0560115	424.8142645
0.0560115	424.9742229
0.0561115	424.6384482
0.0561115	425.3479187
0.0562115	425.0624758
0.0563115	425.2962081
0.0563115	425.610609
0.0563115	425.3037923
0.0563115	425.0183493
0.0564115	425.1721024
0.0565115	425.1645182
0.0565115	425.0404126
0.0566115	425.0624758
0.0567115	425.2527711
0.0567115	425.384461
0.0568115	425.384461
0.0568115	425.5588983
0.0569115	425.6030248
0.0569115	425.7278199
0.0569115	425.639567
0.0570115	425.4933981
0.0571115	425.9105309
0.0572115	425.8595097
0.0571115	425.8884677
0.0571115	425.9684469
0.0572115	425.8664045
0.0573115	425.8443413
0.0573115	425.8960519
0.0574115	425.7126514
0.0575115	425.8443413
0.0575115	425.7126514
0.0576115	425.8298623
0.0577115	425.9974049
0.0577115	425.9974049
0.0578115	425.9387994
0.0578115	426.3414533
0.0579115	426.2607846
0.0580115	426.1877002
0.0581115	426.2828478
0.0582115	426.2318266
0.0582115	426.3490375
0.0583115	426.2318266
0.0583115	426.5820803
0.0583115	426.4503904
0.0584115	426.2242424
0.0585115	426.5896645
0.0585115	426.4648694
0.0586115	426.4648694
0.0587115	426.3924745
0.0587115	426.7137702
0.0587115	426.7944388
0.0589115	426.8233968
0.0589115	426.8751075
0.0590115	426.8385653
0.0590115	427.0205869
0.0591115	426.6696437
0.0592115	427.0716081
0.0592115	427.2474244
0.0593115	427.3853195
0.0594115	427.1522767
0.0594115	427.2839666
0.0595115	427.443925
0.0595115	427.0791923
0.0596115	427.328093
0.0596115	427.2763824
0.0596115	427.1888189
0.0597115	427.2984456
0.0598115	427.4218617
0.0598115	427.5756148
0.0598115	427.5466568
0.0599115	427.6418045
0.0600115	427.7369521
0.0600115	427.7293679
0.0601115	427.8824315
0.0601115	428.09479
0.0602115	427.7224731
0.0603115	427.941037
0.0603115	427.7514311
0.0604115	427.868642
0.0604115	427.8465788
0.0605115	427.6928257
0.0605115	427.9334527
0.0606115	427.7514311
0.0606115	427.9486212
0.0607115	427.8900157
0.0608115	428.1313323
0.0608115	428.3216276
0.0609115	428.0872058
0.0609115	428.5257124
0.0610115	428.4085015
0.0610115	428.3216276
0.0611115	428.438149
0.0611115	428.5546704
0.0612115	428.4815859
0.0613115	428.5257124
0.0613115	428.5987968
0.0613115	428.5112334
0.0614115	428.5112334
0.0615115	428.4671069
0.0615115	428.7821973
0.0616115	428.7084234
0.0616115	428.62086
0.0617115	428.7821973
0.0617115	428.6574022
0.0618115	428.8332185
0.0619115	428.8332185
0.0619115	429.0076559
0.0620115	428.8539028
0.0620115	429.0662613
0.0621115	429.2565566
0.0621115	429.4316835
0.0622115	429.117972
0.0622115	429.0152401
0.0623115	429.132451
0.0624115	429.3372253
0.0624115	429.2565566
0.0624115	429.4758099
0.0625115	429.7095422
0.0626115	429.4172045
0.0626115	429.4385782
0.0627115	429.8260636
0.0628115	429.7391897
0.0629115	429.8260636
0.0629115	429.7391897
0.0630115	430.0673801
0.0630115	430.1184013
0.0631115	429.9212112
0.0631115	430.2356122
0.0632115	430.0308379
0.0633115	430.1115065
0.0633115	429.9212112
0.0633115	430.1480488
0.0634115	430.1404645
0.0635115	429.9432745
0.0636115	430.2873229
0.0636115	430.3018018
0.0636115	430.2652596
0.0637115	430.2211332
0.0638115	430.3155914
0.0639115	430.5713869
0.0639115	430.7037662
0.0639115	430.6230975
0.0641115	430.6375765
0.0642115	430.8637246
0.0642115	430.5713869
0.0642115	430.7692664
0.0642115	430.8120139
0.0643115	430.6155133
0.0644115	430.5644921
0.0644115	430.9292248
0.0645115	430.8416613
0.0646115	430.965767
0.0646115	431.0540199
0.0646115	431.1126253
0.0647115	431.0319566
0.0647115	431.0981463
0.0648115	431.4118578
0.0649115	431.1560623
0.0650115	431.3167101
0.0650115	431.5435476
0.0650115	431.3387733
0.0651115	431.5580266
0.0651115	431.3897945
0.0652115	431.6242163
0.0652115	431.5290686
0.0653115	431.2587942
0.0654115	431.5656109
0.0654115	431.5359634
0.0654115	431.9668857
0.0655115	431.433921
0.0656115	431.7703851
0.0656115	431.9448225
0.0657115	431.8572591
0.0657115	432.0620334
0.0657115	431.5290686
0.0659115	432.3026604
0.0659115	431.8572591
0.0659115	432.2378497
0.0660115	432.3323079
0.0660115	432.1061598
0.0661115	432.0110122
0.0662115	431.97447
0.0662115	432.0475544
0.0662115	431.8648433
0.0663115	432.1061598
0.0664115	432.4419345
0.0664115	432.6032718
0.0665115	432.3833291
0.0666115	432.3909133
0.0666115	432.3764343
0.0666115	432.2233707
0.0667115	432.9680045
0.0667115	432.6177508
0.0668115	432.4343503
0.0669115	432.4564135
0.0668115	432.7777092
0.0670115	432.7570249
0.0670115	432.5591454
0.0671115	432.7632302
0.0671115	432.6032718
0.0672115	432.7852934
0.0672115	432.5736244
0.0672115	432.923878
0.0673115	432.9390465
0.0674115	433.2313842
0.0674115	433.151405
0.0675115	433.0197152
0.0675115	432.8804411
0.0676115	433.0410889
0.0676115	433.3920321
0.0677115	433.2169052
0.0678115	433.0631521
0.0678115	433.151405
0.0679115	433.4506375
0.0680115	433.1582998
0.0680115	433.2748212
0.0681115	433.2244895
0.0682115	433.3768636
0.0682115	433.3554898
0.0682115	433.5457851
0.0683115	433.5382009
0.0684115	433.6188696
0.0684115	433.4795955
0.0685115	433.691954
0.0686115	434.0353129
0.0686115	433.7864122
0.0687115	433.9249968
0.0687115	434.2759399
0.0688115	434.1670028
0.0689115	434.0422077
0.0689115	433.9691232
0.0690115	434.2318135
0.0691115	434.0642709
0.0691115	433.8229544
0.0691115	433.8884546
0.0692115	433.9767075
0.0693115	434.0277287
0.0694115	434.3635034
0.0694115	434.47313
0.0694115	434.3559191
0.0695115	434.3124822
0.0695115	434.3414401
0.0696115	434.2683557
0.0697115	434.7875309
0.0697115	434.5172564
0.0698115	434.444172
0.0698115	434.8240731
0.0699115	434.5834461
0.0699115	434.5613829
0.0700115	434.3931508
0.0701115	434.4882985
0.0701115	434.5317354
0.0701115	434.458651
0.0702115	434.5613829
0.0703115	434.6634253
0.0704115	434.8164889
0.0704115	434.7502992
0.0704115	435.0509107
0.0705115	435.1384741
0.0706115	434.9923052
0.0706115	435.210869
0.0707115	435.1894953
0.0708115	435.2329323
0.0708115	435.1681215
0.0709115	435.1681215
0.0710115	435.0578054
0.0710115	435.2770587
0.0710115	435.1529531
0.0711115	435.1894953
0.0712115	435.1894953
0.0712115	435.5259594
0.0713115	435.3646221
0.0713115	435.2329323
0.0714115	435.5473332
0.0715115	435.5693964
0.0715115	435.5990439
0.0716115	435.5693964
0.0716115	435.8831079
0.0717115	435.4452908
0.0717115	435.5549174
0.0718115	435.5549174
0.0719115	435.6424808
0.0719115	435.7300443
0.0719115	435.6500651
0.0720115	435.6928126
0.0721115	435.6059386
0.0721115	435.6280018
0.0722115	436.007903
0.0723115	435.9858397
0.0723115	435.7879602
0.0724115	436.1899246
0.0724115	435.736939
0.0725115	436.022382
0.0725115	435.8906921
0.0726115	436.3147197
0.0726115	436.176135
0.0727115	436.277488
0.0727115	436.036861
0.0728115	436.4098673
0.0728115	436.2409458
0.0729115	436.022382
0.0729115	436.0520294
0.0730115	436.1692403
0.0731115	436.3581566
0.0731115	436.4022831
0.0731115	436.2705932
0.0732115	436.3878041
0.0733115	436.2119878
0.0734115	436.3581566
0.0734115	436.6215364
0.0734115	436.3657409
0.0735115	436.3436776
0.0736115	436.5263887
0.0737115	436.6146416
0.0737115	436.8842266
0.0738115	436.5119097
0.0738115	436.7304735
0.0738115	436.5560362
0.0739115	436.4684728
0.0739115	436.4608885
0.0740115	436.4098673
0.0741115	436.7304735
0.0741115	436.8697476
0.0741115	436.9793743
0.0742115	437.0745219
0.0742115	437.1262326
0.0743115	437.0965851
0.0744115	437.0821062
0.0744115	437.031085
0.0744115	436.6794523
0.0745115	437.2055223
0.0746115	437.30067
0.0747115	437.1986276
0.0748115	437.30067
0.0748115	437.0090217
0.0748115	436.9793743
0.0749115	437.0159165
0.0749115	437.0965851
0.0750115	437.0745219
0.0751115	437.0455639
0.0752115	437.3082542
0.0753115	437.5350917
0.0753115	437.6729869
0.0753115	437.3082542
0.0754115	437.4178808
0.0755115	437.4034018
0.0756115	437.5571549
0.0756115	437.454423
0.0757115	437.6302394
0.0757115	437.8046767
0.0758115	437.7315923
0.0758115	437.5206127
0.0759115	437.5350917
0.0759115	437.6660921
0.0760115	437.2496488
0.0761115	437.9584298
0.0761115	437.8267399
0.0762115	437.980493
0.0763115	438.0832249
0.0763115	437.9294718
0.0763115	437.966014
0.0764115	437.8122609
0.0765115	438.2066411
0.0766115	438.1700989
0.0766115	438.2362885
0.0766115	438.2507675
0.0768115	438.0101405
0.0768115	438.3383309
0.0768115	437.8929296
0.0769115	438.2066411
0.0770115	438.0246195
0.0770115	438.2728307
0.0770115	438.1845778
0.0771115	438.2942045
0.0772115	438.3238519
0.0773115	438.3017887
0.0773115	438.506563
0.0773115	438.0687459
0.0774115	438.2287043
0.0775115	438.4189996
0.0775115	438.6306686
0.0776115	438.4996683
0.0777115	438.4114154
0.0777115	438.6961688
0.0777115	438.8423377
0.0778115	438.6230844
0.0779115	438.5727527
0.0779115	438.6741056
0.0780115	438.6375634
0.0780115	438.6596266
0.0781115	438.8057955
0.0782115	439.0402172
0.0782115	438.7623585
0.0782115	438.9161116
0.0784115	439.2222388
0.0784115	438.7989007
0.0784115	438.9595486
0.0785115	439.1346754
0.0786115	439.0843437
0.0786115	439.3104917
0.0787115	438.989196
0.0788115	439.018154
0.0788115	439.0912384
0.0788115	439.018154
0.0789115	439.0767594
0.0790115	439.2808443
0.0791115	439.258781
0.0791115	439.258781
0.0791115	439.2367178
0.0793115	439.2739495
0.0793115	439.4856185
0.0793115	439.5593924
0.0793115	439.7117666
0.0795115	439.7048718
0.0795115	439.515266
0.0795115	439.6897034
0.0796115	439.6752244
0.0797115	439.529745
0.0798115	439.7193508
0.0798115	439.7048718
0.0798115	439.4856185
0.0799115	439.544224
0.0800115	439.7338298
0.0800115	439.9020619
0.0801115	439.7262456
0.0801115	439.7634773
0.0801115	439.9751463
0.0802115	439.8951671
0.0803115	439.7634773
0.0804115	440.1282099
0.0804115	440.1647521
0.0805115	440.3329842
0.0805115	439.7634773
0.0806115	440.0633992
0.0807115	440.1578574
0.0807115	440.3040262
0.0808115	440.0992519
0.0808115	440.0047938
0.0809115	439.9827305
0.0810115	440.012378
0.0810115	440.4136529
0.0810115	440.3329842
0.0811115	440.2012943
0.0812115	440.2454208
0.0813115	440.4357161
0.0813115	440.6253219
0.0814115	440.4501951
0.0815115	440.5956745
0.0815115	440.6253219
0.0815115	440.7053011
0.0816115	440.6618641
0.0817115	440.7714908
0.0817115	440.793554
0.0817115	440.6473851
0.0818115	440.6398009
0.0819115	440.6839274
0.0819115	440.7859698
0.0820115	440.6253219
0.0820115	440.7273643
0.0821115	441.0424547
0.0822115	440.8521594
0.0822115	440.9693703
0.0823115	441.0279757
0.0824115	440.9693703
0.0824115	440.9176596
0.0824115	441.0424547
0.0825115	441.2830818
0.0825115	441.2975608
0.0825115	441.319624
0.0826115	441.2754975
0.0827115	441.1217444
0.0827115	441.0927865
0.0827115	441.3561662
0.0828115	441.1217444
0.0829115	441.2168921
0.0830115	441.1072655
0.0830115	441.4588981
0.0831115	441.2686028
0.0832115	441.6698776
0.0832115	441.7360673
0.0833115	441.560251
0.0834115	441.6698776
0.0834115	441.5678352
0.0835115	441.6264407
0.0835115	441.7140041
0.0837115	441.7140041
0.0837115	441.7870885
0.0837115	441.5464615
0.0838115	441.4437296
0.0839115	441.5678352
0.0839115	441.6919409
0.0840115	441.7064199
0.0841115	441.8677572
0.0841115	441.8532782
0.0842115	441.9918628
0.0843115	441.8967152
0.0843115	442.0421945
0.0844115	442.2035319
0.0844115	442.1449264
0.0845115	442.0794262
0.0845115	442.1373422
0.0846115	442.1745739
0.0847115	442.3938272
0.0847115	442.2697215
0.0848115	442.2180109
0.0848115	442.013926
0.0849115	442.4448484
0.0850115	442.2766163
0.0850115	442.4813906
0.0851115	442.2035319
0.0852115	442.2621373
0.0852115	442.6420384
0.0852115	442.6565174
0.0853115	442.7296018
0.0854115	442.6565174
0.0855115	442.8909392
0.0855115	442.8909392
0.0855115	442.7296018
0.0856115	442.7075386
0.0857115	442.7957915
0.0857115	443.0508975
0.0858115	442.780623
0.0858115	442.9130024
0.0859115	442.7151229
0.0860115	442.8978339
0.0860115	442.8102705
0.0861115	443.0288343
0.0862115	442.9929816
0.0862115	442.8612917
0.0863115	442.9054182
0.0863115	443.292214
0.0864115	443.2267138
0.0865115	443.1170872
0.0865115	443.2997983
0.0865115	443.2632561
0.0866115	443.0874397
0.0867115	443.3584037
0.0867115	443.2487771
0.0868115	443.2267138
0.0868115	443.2853193
0.0869115	443.3584037
0.0869115	443.095024
0.0870115	443.2556718
0.0870115	443.4976778
0.0871115	443.5769675
0.0872115	443.6796994
0.0872115	443.4239039
0.0873115	443.7817418
0.0873115	443.6431572
0.0874115	443.5480095
0.0874115	443.4900936
0.0875115	443.5404253
0.0876115	443.3218615
0.0876115	443.5624885
0.0877115	443.6500519
0.0877115	443.6576362
0.0878115	443.3949459
0.0878115	443.5114673
0.0879115	443.5480095
0.0879115	443.7527838
0.0880115	443.6645309
0.0880115	443.5914465
0.0881115	443.7231364
0.0882115	443.789326
0.0882115	444.0444321
0.0883115	443.6355729
0.0884115	444.058911
0.0883115	443.8844737
0.0884115	443.9506634
0.0885115	444.2643748
0.0885115	444.2643748
0.0885115	444.0885585
0.0887115	443.9720371
0.0887115	443.9720371
0.0888115	443.8844737
0.0888115	443.9354949
0.0889115	443.7817418
0.0890115	443.9872056
0.0890115	443.9286001
0.0891115	444.286438
0.0891115	444.2278326
0.0892115	444.556023
0.0893115	444.4615649
0.0894115	444.4181279
0.0894115	444.570502
0.0894115	444.2126641
0.0895115	444.4326069
0.0896115	444.3815857
0.0897115	444.3884804
0.0897115	444.556023
0.0897115	444.4181279
0.0899115	444.3078118
0.0899115	444.1251007
0.0900115	444.4326069
0.0900115	444.2278326
0.0901115	444.4546701
0.0902115	444.812508
0.0902115	444.7394236
0.0903115	444.7463183
0.0903115	444.5339598
0.0904115	444.8049238
0.0905115	444.8345712
0.0905115	444.8711135
0.0906115	444.9366136
0.0906115	444.9366136
0.0907115	444.6808182
0.0908115	444.812508
0.0909115	445.0090086
0.0909115	444.7973396
0.0910115	444.855945
0.0911115	444.7904448
0.0911115	445.1551775
0.0911115	444.9945296
0.0912115	444.9076557
0.0913115	445.096572
0.0913115	444.9662611
0.0913115	445.082093
0.0914115	445.0234876
0.0915115	445.0234876
0.0915115	445.1703459
0.0915115	445.053135
0.0916115	445.2213671
0.0917115	445.2503251
0.0917115	445.1406985
0.0918115	445.096572
0.0919115	445.3895992
0.0919115	445.1482827
0.0919115	444.9076557
0.0920115	445.2503251
0.0920115	445.3020358
0.0921115	445.2723883
0.0921115	445.1186352
0.0922115	445.3089305
0.0923115	445.3751202
0.0923115	445.4406204
0.0924115	445.5495576
0.0924115	445.5860998
0.0925115	445.2799726
0.0926115	445.4557889
0.0926115	445.5130154
0.0926115	445.3020358
0.0927115	445.367536
0.0927115	445.2213671
0.0928115	445.353057
0.0929115	445.338578
0.0930115	445.2434303
0.0930115	445.4406204
0.0931115	445.4557889
0.0931115	445.4695784
0.0932115	445.6233315
0.0932115	445.8136268
0.0933115	445.6743527
0.0934115	445.367536
0.0934115	445.850169
0.0935115	445.8722322
0.0936115	445.7108949
0.0936115	445.7550213
0.0936115	445.8425848
0.0937115	445.7033107
0.0938115	445.6012682
0.0938115	445.6378105
0.0938115	445.879127
0.0939115	445.6812474
0.0940115	445.6598737
0.0940115	446.1494015
0.0941115	446.1783594
0.0942115	446.0832118
0.0942115	446.2004227
0.0943115	446.2666123
0.0944115	445.9735851
0.0944115	446.0976908
0.0945115	446.3245283
0.0945115	446.4996551
0.0946115	446.2879861
0.0946115	446.134233
0.0947115	446.4127812
0.0948115	446.0466696
0.0948115	446.1562962
0.0949115	446.2514439
0.0950115	446.36176
0.0950115	446.3465915
0.0950115	446.3396968
0.0951115	446.602387
0.0952115	446.5872185
0.0953115	446.1562962
0.0954115	446.7409716
0.0954115	446.5217183
0.0954115	446.2810913
0.0955115	446.4700077
0.0956115	446.9305775
0.0957115	446.7775138
0.0957115	446.5727395
0.0957115	446.6678872
0.0958115	446.7044294
0.0958115	446.4996551
0.0959115	446.5437816
0.0959115	446.6534082
0.0960115	446.7850981
0.0961115	446.4555287
0.0961115	446.9098932
0.0962115	446.9098932
0.0962115	446.8581825
0.0963115	446.7485559
0.0963115	446.9526407
0.0964115	447.0402041
0.0964115	447.0698515
0.0965115	446.9450564
0.0965115	447.3477103
0.0966115	446.9243722
0.0967115	446.8437035
0.0967115	446.9967671
0.0968115	447.1505202
0.0968115	446.8361193
0.0969115	446.7630349
0.0970115	447.171894
0.0970115	447.2084362
0.0970115	446.9243722
0.0971115	447.3042733
0.0972115	447.3918367
0.0972115	447.2670416
0.0972115	446.9891829
0.0973115	447.2601469
0.0974115	447.3332313
0.0974115	447.4063157
0.0974115	447.171894
0.0976115	447.5593793
0.0975115	447.4063157
0.0976115	447.0112461
0.0977115	447.2380836
0.0977115	447.5007739
0.0977115	447.5076686
0.0978115	447.3042733
0.0979115	447.7276114
0.0980115	447.640048
0.0980115	447.4787107
0.0981115	447.7786326
0.0981115	447.6834849
0.0983115	447.5449003
0.0983115	447.7938011
0.0984115	448.0123649
0.0984115	447.8151748
0.0985115	447.6028163
0.0985115	447.9316962
0.0986115	448.0709703
0.0987115	447.6834849
0.0987115	447.5883373
0.0988115	448.0709703
0.0989115	447.7862168
0.0989115	447.8303433
0.0990115	448.1950759
0.0991115	448.3708922
0.0991115	447.9827174
0.0991115	448.1509495
0.0992115	448.2171392
0.0993115	448.2681604
0.0993115	448.3853712
0.0994115	448.421224
0.0995115	448.5970403
0.0995115	448.2681604
0.0996115	448.0778651
0.0997115	448.3564133
0.0997115	448.363308
0.0998115	448.3047026
0.0999115	448.1805969
0.0999115	448.5384349
0.0999115	448.450182
0.1000115	448.1730127
0.1001115	448.8093988
0.1001115	448.6921879
0.1002115	448.5529138
0.1003115	448.421224
0.1003115	448.6777089
0.1004115	448.5894561
0.1004115	448.5384349
0.1005115	449.0645048
0.1005115	448.6701247
0.1006115	448.4722452
0.1007115	448.3991608
0.1008115	448.6480615
0.1008115	448.6335825
0.1008115	448.363308
0.1009115	448.5087874
0.1010115	449.0058994
0.1010115	448.874899
0.1011115	448.5529138
0.1011115	449.2623844
0.1012115	449.2403211
0.1012115	448.6921879
0.1013115	448.7797514
0.1014115	449.2989266
0.1014115	449.1672367
0.1015115	448.7356249
0.1015115	449.0279626
0.1016115	448.7356249
0.1016115	448.4867242
0.1017115	448.6556457
0.1017115	448.9548782
0.1018115	448.9914204
0.1018115	448.5749771
0.1019115	448.9769414
0.1020115	449.0058994
0.1020115	448.8528358
0.1021115	449.2692791
0.1022115	449.3058213
0.1022115	449.5395536
0.1024115	449.2182579
0.1024115	449.3354688
0.1025115	449.4223427
0.1025115	449.1451735
0.1026115	449.101047
0.1027115	449.3926953
0.1027115	449.3644268
0.1027115	449.0134836
0.1029115	449.0500258
0.1029115	449.3354688
0.1029115	449.130005
0.1030115	449.2548001
0.1031115	449.3644268
0.1032115	449.2913423
0.1033115	449.4588849
0.1033115	449.444406
0.1034115	449.6933067
0.1034115	449.5030114
0.1035115	449.5760958
0.1036115	449.6712435
0.1036115	449.5395536
0.1037115	449.6933067
0.1037115	449.3858005
0.1038115	449.612638
0.1039115	449.4878429
0.1039115	449.2548001
0.1040115	449.5030114
0.1041115	449.4664692
0.1042115	449.5685116
0.1043115	449.5243851
0.1043115	449.8394755
0.1044115	449.7808701
0.1044115	449.6491802
0.1044115	449.8249966
0.1044115	449.7663911
0.1045115	449.7077857
0.1046115	449.5099062
0.1047115	449.7808701
0.1047115	449.882223
0.1047115	449.6347013
0.1048115	449.7443279
0.1048115	449.6567645
0.1049115	449.5905748
0.1050115	449.5685116
0.1051115	449.6933067
0.1051115	450.0290814
0.1051115	449.8753283
0.1052115	449.9042863
0.1053115	450.0725183
0.1053115	449.8029333
0.1054115	449.7953491
0.1055115	449.8608493
0.1055115	450.0139129
0.1055115	449.9849549
0.1056115	449.6781382
0.1057115	450.1973135
0.1057115	449.9925392
0.1058115	449.8677441
0.1058115	449.9118705
0.1059115	449.9339337
0.1060115	450.0290814
0.1060115	449.7153699
0.1061115	449.9773707
0.1062115	449.9484127
0.1062115	450.0435604
0.1063115	449.9925392
0.1064115	450.1828345
0.1064115	450.1973135
0.1065115	450.1897292
0.1066115	450.2848769
0.1066115	450.2262714
0.1066115	450.0435604
0.1067115	450.2048977
0.1068115	450.1752502
0.1068115	450.0945816
0.1069115	450.0656236
0.1070115	450.1311238
0.1070115	450.1607712
0.1071115	450.153187
0.1072115	450.2703979
0.1072115	450.3214191
0.1073115	450.4455247
0.1074115	450.393814
0.1074115	450.3717508
0.1075115	450.5772146
0.1076115	450.4820669
0.1076115	450.3434823
0.1077115	450.5255039
0.1078115	450.4744827
0.1078115	450.4965459
0.1079115	450.5620461
0.1080115	450.6868412
0.1081115	450.650299
0.1081115	450.4820669
0.1081115	450.5696303
0.1082115	450.6137568
0.1083115	450.5992778
0.1084115	450.5772146
0.1084115	450.8399048
0.1085115	450.7309677
0.1085115	450.4455247
0.1086115	450.679257
0.1086115	450.7599256
0.1087115	450.7523414
0.1088115	450.7309677
0.1088115	450.8543838
0.1088115	451.0081369
0.1089115	450.7013202
0.1090115	450.8985103
0.1090115	450.8612786
0.1091115	450.876447
0.1091115	450.8109468
0.1092115	450.9129893
0.1092115	450.8688628
0.1093115	450.8040521
0.1094115	450.7523414
0.1094115	451.0081369
0.1095115	451.0005527
0.1096115	451.0302001
0.1096115	450.9495315
0.1096115	451.1543058
0.1097115	451.1467215
0.1098115	450.9350525
0.1099115	451.2935799
0.1099115	451.0446791
0.1099115	451.1177635
0.1101115	451.190848
0.1101115	451.0957003
0.1102115	451.1398268
0.1101115	451.1543058
0.1102115	451.2129112
0.1103115	451.0957003
0.1104115	450.9784895
0.1105115	451.431475
0.1105115	451.2935799
0.1105115	451.3225378
0.1106115	451.176369
0.1107115	451.5266227
0.1107115	451.8051708
0.1107115	451.3804538
0.1108115	451.1984322
0.1108115	451.3804538
0.1110115	451.6217703
0.1111115	451.2791009
0.1111115	451.431475
0.1111115	451.6072913
0.1112115	451.431475
0.1113115	451.7975866
0.1113115	451.8479183
0.1115115	451.9651292
0.1115115	451.4680172
0.1116115	451.7610444
0.1117115	451.8555026
0.1117115	451.7534602
0.1117115	451.6438335
0.1118115	451.8989395
0.1119115	451.943066
0.1120115	451.716918
0.1121115	452.0092557
0.1121115	451.9871924
0.1122115	451.914108
0.1122115	451.7465654
0.1123115	451.914108
0.1124115	452.0382136
0.1124115	451.9940872
0.1124115	451.957545
0.1125115	452.1333613
0.1126115	452.3960515
0.1127115	451.8334394
0.1128115	452.454657
0.1128115	452.2650512
0.1129115	452.1333613
0.1129115	452.1554245
0.1130115	452.1554245
0.1130115	452.5422204
0.1131115	452.2795302
0.1132115	452.3015934
0.1132115	452.1333613
0.1133115	452.0602769
0.1134115	452.2429879
0.1134115	452.21403
0.1135115	452.5498046
0.1136115	452.1264665
0.1137115	452.7400999
0.1137115	452.9297058
0.1138115	452.4911992
0.1138115	452.2285089
0.1139115	452.3015934
0.1139115	452.4767202
0.1140115	452.7325157
0.1141115	452.5353256
0.1141115	452.6814945
0.1142115	452.5208467
0.1142115	452.711142
0.1143115	452.483615
0.1144115	452.6084101
0.1145115	452.3153829
0.1145115	452.2871144
0.1146115	452.4767202
0.1146115	452.6159943
0.1147115	452.440178
0.1148115	452.5132624
0.1148115	452.9366005
0.1149115	452.7180367
0.1150115	452.7980159
0.1150115	452.9000583
0.1151115	453.0538114
0.1152115	452.7911211
0.1152115	453.2075645
0.1153115	452.6594313
0.1153115	452.9297058
0.1154115	452.8635161
0.1155115	452.6084101
0.1155115	452.7476842
0.1156115	452.7980159
0.1157115	452.5787626
0.1157115	452.7980159
0.1158115	453.0469166
0.1159115	452.7256209
0.1159115	453.0834588
0.1160115	453.1641275
0.1160115	452.9366005
0.1161115	453.3165016
0.1162115	453.2220435
0.1162115	453.3309806
0.1163115	453.1055221
0.1163115	452.995206
0.1164115	453.0393324
0.1165115	452.9731427
0.1165115	452.8711003
0.1166115	452.966248
0.1166115	453.0834588
0.1167115	453.1565433
0.1168115	453.1055221
0.1168115	453.4116493
0.1169115	453.2944384
0.1170115	453.3020227
0.1170115	453.3606281
0.1171115	453.6019446
0.1172115	453.0317482
0.1172115	453.2944384
0.1173115	453.2799594
0.1174115	453.3606281
0.1174115	453.3530439
0.1175115	453.1855013
0.1176115	453.5729866
0.1176115	453.3606281
0.1177115	453.1930855
0.1177115	453.0979378
0.1178115	453.6095288
0.1179115	453.4557757
0.1179115	453.6384868
0.1180115	453.8356769
0.1181115	453.5212759
0.1181115	453.6536553
0.1182115	453.3826913
0.1182115	453.6536553
0.1183115	453.5950498
0.1184115	453.5288602
0.1185115	453.5874656
0.1185115	453.675029
0.1186115	453.4847337
0.1186115	453.4261283
0.1187115	453.675029
0.1188115	453.6019446
0.1188115	453.6681343
0.1189115	453.5729866
0.1189115	453.9673667
0.1190115	453.7694872
0.1190115	453.7839662
0.1191115	453.8646348
0.1192115	453.6315921
0.1192115	453.492318
0.1193115	453.8501559
0.1194115	453.646071
0.1195115	453.7991347
0.1195115	453.8646348
0.1195115	453.7632819
0.1196115	453.7191555
0.1197115	453.5654024
0.1198115	453.7915504
0.1198115	453.8280926
0.1199115	453.7694872
0.1200115	453.8722191
0.1200115	453.7839662
0.1201115	454.0108037
0.1201115	453.7191555
0.1202115	454.0039089
0.1203115	454.1059514
0.1203115	453.8501559
0.1204115	453.6095288
0.1205115	454.1942042
0.1205115	453.9597825
0.1206115	454.0480354
0.1206115	453.7556977
0.1207115	454.172141
0.1208115	453.9818457
0.1208115	453.9232403
0.1209115	454.0404512
0.1210115	453.9963247
0.1210115	454.0694091
0.1211115	453.9087613
0.1212115	454.143183
0.1213115	454.172141
0.1213115	454.2231622
0.1213115	454.0845776
0.1214115	454.0328669
0.1215115	454.2162675
0.1215115	454.157662
0.1216115	454.259015
0.1217115	454.0990566
0.1217115	454.0990566
0.1218115	454.1135356
0.1219115	454.0990566
0.1220115	453.8646348
0.1220115	454.0259722
0.1220115	453.9377193
0.1221115	454.3465784
0.1222115	454.0259722
0.1222115	454.2086832
0.1223115	454.2162675
0.1223115	453.7770714
0.1224115	453.7915504
0.1225115	454.1355988
0.1225115	454.1500778
0.1226115	454.1135356
0.1227115	454.3176204
0.1227115	454.3617468
0.1228115	454.3982891
0.1229115	454.5444579
0.1229115	454.5079157
0.1230115	454.3176204
0.1230115	454.2452255
0.1231115	454.2086832
0.1231115	454.2810782
0.1232115	454.5665211
0.1233115	454.669253
0.1233115	454.683732
0.1234115	454.3982891
0.1235115	454.7630217
0.1235115	454.3176204
0.1236115	454.4127681
0.1237115	454.5444579
0.1237115	454.669253
0.1237115	454.3252046
0.1239115	454.2086832
0.1239115	454.6030634
0.1239115	454.2528097
0.1240115	454.2307465
0.1241115	454.3686416
0.1241115	454.2886624
0.1242115	454.3031414
0.1243115	454.3541626
0.1243115	454.6761478
0.1244115	454.201099
0.1245115	454.5444579
0.1245115	454.6540846
0.1245115	454.4203523
0.1246115	454.5223947
0.1247115	454.4348313
0.1248115	454.8292114
0.1248115	454.8733378
0.1248115	454.2955572
0.1249115	454.3617468
0.1250115	454.5079157
0.1250115	454.5741054
0.1250115	454.5885844
0.1251115	454.4203523
0.1251115	454.201099
0.1253115	454.4637893
0.1253115	454.6616688
0.1254115	454.669253
0.1254115	454.4934367
0.1255115	454.4203523
0.1256115	454.8802326
0.1257115	454.8436904
0.1257115	454.5810001
0.1258115	454.6251266
0.1259115	454.7630217
0.1259115	454.5154999
0.1260115	454.5589369
0.1260115	454.4568945
0.1261115	454.5154999
0.1262115	454.5665211
0.1262115	454.4934367
0.1263115	454.8147324
0.1264115	454.7423375
0.1265115	454.5079157
0.1265115	454.9319433
0.1266115	454.8947116
0.1267115	454.4789577
0.1268115	454.7926692
0.1268115	455.0270909
0.1269115	454.9684855
0.1269115	454.9319433
0.1269115	454.71269
0.1270115	454.9022958
0.1271115	454.7485427
0.1272115	454.7926692
0.1272115	454.953317
0.1272115	454.6175423
0.1273115	454.5079157
0.1275115	454.8216272
0.1275115	455.0781121
0.1275115	454.8436904
0.1277115	454.7057952
0.1277115	455.1511966
0.1278115	455.2022178
0.1278115	454.938838
0.1279115	455.0195067
0.1280115	455.209802
0.1280115	455.1070701
0.1281115	455.2456547
0.1282115	455.0484647
0.1282115	454.9898592
0.1283115	454.9319433
0.1283115	455.1070701
0.1284115	455.1511966
0.1285115	455.0781121
0.1286115	454.9753802
0.1286115	455.1146543
0.1287115	455.3263234
0.1288115	455.2525495
0.1288115	455.267718
0.1288115	455.6552033
0.1289115	455.2456547
0.1290115	455.3111549
0.1290115	455.1732598
0.1291115	455.3918236
0.1291115	455.2380705
0.1292115	455.3408024
0.1292115	455.3263234
0.1293115	455.2966759
0.1294115	455.0636331
0.1294115	455.0925911
0.1295115	455.3994078
0.1295115	455.4283658
0.1296115	455.180844
0.1296115	455.4138868
0.1297115	455.3773446
0.1297115	455.2022178
0.1298115	455.3994078
0.1299115	455.4283658
0.1299115	455.4063026
0.1300115	455.3187392
0.1300115	455.5014502
0.1301115	455.479387
0.1302115	455.4063026
0.1302115	455.3111549
0.1303115	455.450429
0.1303115	455.4869712
0.1304115	455.195323
0.1304115	455.3332181
0.1305115	455.6483086
0.1305115	455.3263234
0.1306115	455.4945555
0.1306115	455.8592881
0.1307115	455.7496615
0.1308115	455.4869712
0.1308115	455.5455767
0.1309115	455.6627875
0.1310115	455.6262453
0.1310115	455.7138088
0.1311115	455.947541
0.1311115	455.7862037
0.1312115	455.7572457
0.1313115	455.706914
0.1314115	455.9840832
0.1314115	455.8158512
0.1315115	455.6407243
0.1315115	455.947541
0.1315115	455.8958303
0.1316115	455.9323726
0.1317115	455.721393
0.1317115	456.1302521
0.1318115	455.8737671
0.1320115	456.1081889
0.1320115	455.9985622
0.1321115	456.2902105
0.1321115	456.1888575
0.1321115	456.3564001
0.1321115	456.3488159
0.1322115	456.1667943
0.1322115	455.8889356
0.1323115	455.8958303
0.1323115	456.2612525
0.1324115	456.2833157
0.1325115	456.1812733
0.1325115	456.5908219
0.1325115	456.5322164
0.1326115	456.1964418
0.1327115	456.1302521
0.1327115	456.6563221
0.1328115	456.4370688
0.1328115	456.2391893
0.1328115	456.6053009
0.1329115	456.4150056
0.1330115	456.2109208
0.1330115	456.4074213
0.1331115	456.517048
0.1331115	456.1598995
0.1331115	456.3343369
0.1332115	456.3053789
0.1333115	456.7004485
0.1332115	456.4956742
0.1333115	456.48809
0.1334115	456.9190123
0.1334115	456.9631388
0.1335115	456.4660268
0.1336115	456.6197799
0.1336115	456.5832376
0.1337115	456.6783853
0.1337115	456.4370688
0.1338115	456.9776178
0.1339115	456.9631388
0.1339115	456.7583645
0.1340115	456.7363013
0.1340115	456.7004485
0.1341115	456.6639063
0.1341115	456.502569
0.1342115	456.7873225
0.1343115	456.999681
0.1343115	456.7583645
0.1343115	456.473611
0.1344115	456.8748859
0.1345115	456.9334913
0.1345115	456.7211328
0.1346115	457.1237866
0.1346115	457.2478922
0.1347115	457.0727654
0.1347115	456.8238647
0.1348115	457.1961816
0.1348115	456.9920968
0.1349115	456.714238
0.1349115	456.7728435
0.1350115	457.1961816
0.1350115	456.9334913
0.1350115	456.6708011
0.1352115	457.0507022
0.1352115	457.1458498
0.1352115	456.8900543
0.1352115	457.1961816
0.1352115	457.3430399
0.1353115	456.8679911
0.1354115	456.8238647
0.1355115	457.254787
0.1355115	457.2327238
0.1355115	456.8824701
0.1356115	456.7363013
0.1357115	457.0727654
0.1357115	457.1823921
0.1357115	456.714238
0.1357115	456.8969491
0.1358115	457.1534341
0.1359115	456.8969491
0.1359115	456.6708011
0.1359115	456.9045333
0.1361115	457.0651812
0.1361115	456.8459279
0.1362115	457.1458498
0.1362115	457.3719979
0.1362115	456.9045333
0.1363115	456.8459279
0.1364115	457.3354557
0.1365115	457.3354557
0.1365115	457.1093076
0.1365115	456.8748859
0.1367115	457.3575189
0.1367115	457.1093076
0.1367115	457.0217442
0.1368115	457.1093076
0.1368115	457.2106606
0.1369115	457.0651812
0.1369115	457.1237866
0.1370115	457.496793
0.1371115	457.4747298
0.1371115	457.0582864
0.1373115	457.4747298
0.1373115	457.5919406
0.1373115	457.3644136
0.1373115	457.2623712
0.1374115	457.5622932
0.1375115	457.4747298
0.1376115	457.5919406
0.1376115	457.5622932
0.1376115	457.5036877
0.1377115	457.2989135
0.1378115	457.1754973
0.1378115	457.5478142
0.1378115	457.496793
0.1378115	457.2037658
0.1379115	457.4085401
0.1380115	457.5622932
0.1380115	457.4306033
0.1381115	457.4230191
0.1381115	457.6284828
0.1382115	457.6932936
0.1382115	457.5181667
0.1383115	457.5622932
0.1383115	457.5622932
0.1384115	457.6498566
0.1384115	457.4009559
0.1385115	457.3864769
0.1385115	457.4306033
0.1386115	457.3354557
0.1386115	457.2844345
0.1387115	457.5843564
0.1388115	457.5698774
0.1388115	457.3278714
0.1388115	457.5919406
0.1389115	457.6498566
0.1390115	457.496793
0.1390115	457.3795821
0.1391115	457.5919406
0.1391115	457.6650251
0.1392115	457.3719979
0.1392115	457.6719198
0.1393115	457.8539414
0.1393115	457.6353776
0.1394115	457.2327238
0.1395115	457.6932936
0.1395115	457.5698774
0.1395115	457.5181667
0.1397115	457.4816245
0.1397115	457.7298358
0.1398115	457.5333352
0.1398115	457.3795821
0.1399115	457.8249834
0.1400115	457.8394624
0.1400115	457.7443148
0.1401115	457.6719198
0.1402115	457.751899
0.1402115	457.8980679
0.1402115	457.6932936
0.1403115	457.6284828
0.1404115	457.6574408
0.1405115	457.6429618
0.1405115	457.4892088
0.1406115	457.8173992
0.1407115	457.7443148
0.1407115	457.4747298
0.1408115	457.54023
0.1409115	457.780857
0.1409115	457.8835889
0.1409115	457.4161243
0.1410115	457.8394624
0.1411115	457.8029202
0.1412115	457.7587938
0.1411115	457.8539414
0.1412115	457.7587938
0.1413115	457.5919406
0.1413115	457.7153568
0.1414115	457.8835889
0.1414115	457.6353776
0.1415115	457.5622932
0.1416115	457.6932936
0.1416115	457.6932936
0.1416115	457.6284828
0.1417115	457.4230191
0.1418115	458.022863
0.1418115	457.54023
0.1419115	457.7298358
0.1420115	457.8029202
0.1420115	457.8173992
0.1421115	457.7222515
0.1422115	457.3430399
0.1422115	457.8249834
0.1423115	457.7884412
0.1423115	457.4892088
0.1423115	457.2844345
0.1424115	457.6719198
0.1425115	457.496793
0.1426115	457.3864769
0.1426115	457.4892088
0.1426115	457.8249834
0.1427115	457.225829
0.1428115	457.4595613
0.1428115	457.5181667
0.1429115	457.4892088
0.1429115	457.269266
0.1430115	457.4381875
0.1431115	457.8249834
0.1431115	457.6353776
0.1431115	457.4009559
0.1432115	457.8539414
0.1433115	457.795336
0.1434115	457.4306033
0.1434115	457.5478142
0.1435115	457.4450823
0.1436115	457.5622932
0.1437115	457.1961816
0.1437115	457.4671455
0.1438115	457.5843564
0.1439115	457.4450823
0.1439115	457.254787
0.1440115	457.9201311
0.1441115	457.795336
0.1441115	457.4009559
0.1442115	457.7443148
0.1442115	457.8980679
0.1443115	457.6857093
0.1444115	457.7077726
0.1445115	457.7222515
0.1446115	458.0007997
0.1446115	457.6650251
0.1446115	457.5622932
0.1447115	457.54023
0.1448115	457.7298358
0.1449115	457.3864769
0.1449115	457.6719198
0.1450115	457.9125468
0.1451115	457.4747298
0.1451115	457.6650251
0.1452115	457.7153568
0.1452115	457.6574408
0.1453115	457.7222515
0.1454115	457.7077726
0.1454115	458.0297577
0.1455115	457.6133144
0.1455115	457.6498566
0.1456115	458.0297577
0.1457115	457.8029202
0.1457115	457.4671455
0.1458115	457.6064196
0.1459115	457.9346101
0.1459115	457.5843564
0.1460115	457.4450823
0.1460115	458.1180106
0.1461115	457.9642575
0.1462115	457.9932155
0.1462115	457.9711523
0.1463115	457.9566733
0.1464115	458.1690318
0.1464115	457.7077726
0.1465115	457.9346101
0.1466115	458.1180106
0.1466115	458.2048846
0.1467115	458.0297577
0.1468115	458.1104264
0.1468115	458.2269478
0.1469115	457.9421943
0.1469115	457.8105044
0.1470115	458.022863
0.1471115	457.8980679
0.1471115	457.8105044
0.1472115	457.8470467
0.1473115	458.2193635
0.1473115	457.8470467
0.1474115	458.037342
0.1475115	458.4462011
0.1476115	458.0883632
0.1476115	458.0152787
0.1477115	458.292448
0.1477115	458.277969
0.1478115	458.022863
0.1478115	457.9932155
0.1479115	458.2193635
0.1480115	458.0662999
0.1481115	458.1393844
0.1481115	458.2117793
0.1482115	458.3365744
0.1482115	457.9642575
0.1483115	458.1249054
0.1484115	458.1897161
0.1484115	458.1752371
0.1485115	458.0959474
0.1486115	458.4682643
0.1486115	458.5854752
0.1487115	458.3875956
0.1488115	458.4606801
0.1488115	458.4606801
0.1489115	458.4606801
0.1490115	458.1752371
0.1490115	458.3655324
0.1491115	458.3510534
0.1492115	458.277969
0.1492115	457.9932155
0.1493115	458.1393844
0.1493115	458.5999541
0.1494115	458.5192855
0.1495115	458.5413487
0.1496115	458.5413487
0.1496115	458.3875956
0.1497115	458.3951799
0.1497115	458.4096588
0.1498115	458.5413487
0.1499115	458.6220174
0.1500115	458.4096588
0.1500115	458.4096588
0.1501115	458.4903275
0.1501115	458.6509754
0.1502115	458.3365744
0.1502115	458.5634119
0.1503115	458.4317221
0.1503115	458.0814684
0.1505115	458.5192855
0.1505115	458.5123907
0.1506115	458.2414268
0.1506115	458.4020746
0.1507115	458.775081
0.1508115	458.804039
0.1508115	458.3731166
0.1509115	458.6578701
0.1510115	458.9281446
0.1510115	458.306927
0.1511115	458.4462011
0.1511115	458.4317221
0.1512115	458.1393844
0.1513115	458.0738842
0.1513115	458.292448
0.1514115	458.4972223
0.1514115	458.2414268
0.1515115	458.4972223
0.1516115	458.5489329
0.1516115	458.4827433
0.1517115	458.3951799
0.1518115	458.4317221
0.1519115	458.7530178
0.1520115	458.5709962
0.1520115	458.6944123
0.1521115	458.775081
0.1522115	458.5923699
0.1523115	458.4317221
0.1523115	458.4972223
0.1524115	458.4758485
0.1524115	458.3365744
0.1525115	458.3951799
0.1526115	458.4317221
0.1527115	458.6144331
0.1527115	458.4827433
0.1528115	458.3951799
0.1528115	458.5999541
0.1530115	458.5337645
0.1530115	458.5413487
0.1532115	458.5123907
0.1532115	458.6144331
0.1533115	458.3655324
0.1533115	458.4241378
0.1533115	458.5778909
0.1534115	458.5854752
0.1535115	458.4096588
0.1535115	458.2269478
0.1536115	458.5413487
0.1537115	458.1469686
0.1538115	458.2855532
0.1538115	458.1104264
0.1539115	458.4172431
0.1539115	458.0594052
0.1540115	458.4241378
0.1540115	458.3655324
0.1541115	458.1249054
0.1542115	458.3365744
0.1543115	458.3365744
0.1543115	458.4241378
0.1544115	458.2483215
0.1544115	458.3289902
0.1545115	458.3220954
0.1546115	458.0738842
0.1546115	457.9566733
0.1547115	458.0076945
0.1548115	458.0814684
0.1548115	458.0442367
0.1549115	458.0814684
0.1550115	458.0442367
0.1550115	458.0883632
0.1551115	458.3220954
0.1552115	457.9787365
0.1553115	458.2338425
0.1553115	458.2117793
0.1554115	458.3655324
0.1555115	458.1180106
0.1556115	458.277969
0.1556115	458.1897161
0.1557115	458.1614476
0.1558115	458.3510534
0.1559115	458.0297577
0.1559115	457.9863208
0.1560115	457.9863208
0.1560115	458.1393844
0.1561115	458.0152787
0.1561115	458.0959474
0.1562115	458.3365744
0.1563115	458.2414268
0.1564115	458.1249054
0.1564115	458.292448
0.1564115	458.3145112
0.1565115	458.1324896
0.1565115	458.0007997
0.1566115	458.1180106
0.1567115	458.2117793
0.1568115	458.3875956
0.1568115	457.8325677
0.1569115	458.292448
0.1569115	457.9277153
0.1570115	457.7001883
0.1571115	457.9421943
0.1571115	458.0076945
0.1571115	458.1752371
0.1573115	458.1028421
0.1574115	458.1545528
0.1574115	458.0297577
0.1575115	458.2117793
0.1576115	458.26349
0.1576115	458.4462011
0.1577115	458.3731166
0.1578115	457.9642575
0.1579115	458.2269478
0.1580115	458.4096588
0.1581115	458.2269478
0.1581115	458.2855532
0.1582115	458.5123907
0.1582115	458.292448
0.1583115	458.0442367
0.1584115	458.0594052
0.1585115	458.4317221
0.1585115	458.4020746
0.1586115	458.1393844
0.1586115	458.4537853
0.1587115	458.2338425
0.1588115	458.4903275
0.1589115	458.2703848
0.1589115	458.6296016
0.1590115	458.3145112
0.1591115	458.4972223
0.1591115	458.5048065
0.1592115	458.2269478
0.1592115	457.9642575
0.1593115	458.1180106
0.1594115	458.0883632
0.1594115	458.1469686
0.1595115	457.9277153
0.1596115	458.1028421
0.1596115	458.3220954
0.1597115	458.0959474
0.1597115	458.1545528
0.1599115	458.4241378
0.1599115	458.2855532
0.1599115	458.1614476
0.1600115	458.1752371
0.1601115	458.0662999
0.1602115	458.0442367
0.1603115	458.2483215
0.1604115	458.292448
0.1605115	458.4096588
0.1605115	458.0442367
0.1606115	457.9346101
0.1607115	458.1180106
0.1608115	458.0738842
0.1608115	457.9642575
0.1609115	458.2559058
0.1610115	458.5923699
0.1610115	458.4241378
0.1611115	458.2193635
0.1612115	458.1897161
0.1613115	458.0152787
0.1614115	458.3510534
0.1614115	458.3731166
0.1615115	458.3000322
0.1617115	458.1897161
0.1617115	457.8691099
0.1617115	458.0738842
0.1618115	458.1469686
0.1619115	457.8394624
0.1619115	458.1469686
0.1619115	457.9711523
0.1620115	458.0297577
0.1621115	457.9711523
0.1622115	458.1545528
0.1623115	458.2048846
0.1623115	458.0076945
0.1623115	458.1324896
0.1624115	458.0518209
0.1624115	458.0442367
0.1625115	457.73742
0.1626115	458.0662999
0.1627115	458.0297577
0.1628115	457.9711523
0.1628115	457.8911731
0.1629115	457.9863208
0.1630115	458.0442367
0.1630115	457.9277153
0.1631115	457.9711523
0.1632115	458.0959474
0.1632115	457.9125468
0.1633115	458.0518209
0.1634115	458.0883632
0.1635115	458.0814684
0.1635115	457.9490891
0.1636115	457.9277153
0.1637115	458.2483215
0.1638115	458.3220954
0.1638115	458.26349
0.1639115	458.1828213
0.1640115	458.26349
0.1640115	457.9277153
0.1641115	458.0883632
0.1642115	458.1690318
0.1643115	458.0883632
0.1644115	457.8394624
0.1644115	458.0442367
0.1645115	458.2117793
0.1646115	458.1249054
0.1647115	458.1393844
0.1647115	458.3220954
0.1647115	458.2855532
0.1648115	457.9863208
0.1649115	458.0594052
0.1649115	458.2483215
0.1650115	458.0738842
0.1651115	458.1690318
0.1651115	458.1393844
0.1652115	458.0594052
0.1653115	457.9787365
0.1653115	458.0152787
0.1653115	458.1324896
0.1654115	458.022863
0.1655115	458.0738842
0.1656115	458.0076945
0.1657115	458.2269478
0.1657115	458.277969
0.1658115	458.3586376
0.1658115	458.5999541
0.1659115	458.4172431
0.1660115	458.1028421
0.1660115	458.1180106
0.1661115	458.5854752
0.1662115	458.1180106
0.1663115	458.2269478
0.1663115	458.2483215
0.1664115	458.2703848
0.1664115	458.1545528
0.1665115	458.1690318
0.1667115	458.4317221
0.1667115	458.26349
0.1668115	458.0814684
0.1669115	458.4462011
0.1669115	458.4682643
0.1670115	458.26349
0.1671115	458.4462011
0.1672115	458.8991866
0.1672115	458.5123907
0.1673115	458.6144331
0.1674115	458.5558277
0.1675115	458.7164755
0.1675115	458.4172431
0.1676115	458.5634119
0.1676115	458.4172431
0.1677115	458.5854752
0.1678115	458.1752371
0.1679115	458.4096588
0.1680115	458.9798553
0.1680115	458.4241378
0.1681115	458.804039
0.1681115	458.8116232
0.1682115	458.7378493
0.1683115	458.5854752
0.1684115	458.4096588
0.1685115	458.5558277
0.1685115	458.277969
0.1686115	458.4682643
0.1687115	458.7164755
0.1687115	458.4682643
0.1688115	458.3951799
0.1689115	458.2483215
0.1690115	458.8481654
0.1690115	458.5558277
0.1691115	458.3434692
0.1692115	458.5489329
0.1692115	458.9212498
0.1693115	458.3731166
0.1693115	458.5999541
0.1694115	458.7088913
0.1694115	458.1973003
0.1695115	458.2703848
0.1696115	458.5778909
0.1697115	458.804039
0.1697115	458.4903275
0.1698115	458.4903275
0.1699115	458.7964547
0.1699115	458.6296016
0.1700115	458.4972223
0.1701115	458.5413487
0.1701115	458.8481654
0.1702115	458.4241378
0.1702115	458.5337645
0.1703115	458.6578701
0.1704115	458.5634119
0.1705115	458.7530178
0.1706115	458.3951799
0.1706115	459.0674187
0.1707115	458.4682643
0.1708115	458.4972223
0.1709115	458.6440806
0.1710115	458.9067708
0.1711115	458.4020746
0.1711115	458.5268697
0.1712115	458.8991866
0.1713115	458.6647649
0.1713115	458.4972223
0.1714115	458.3807009
0.1715115	458.7088913
0.1716115	458.4682643
0.1717115	458.3807009
0.1717115	458.9281446
0.1718115	458.9433131
0.1719115	458.3365744
0.1720115	458.6440806
0.1720115	458.8481654
0.1721115	458.7309545
0.1722115	458.7964547
0.1723115	458.9943343
0.1723115	458.4020746
0.1724115	458.5413487
0.1724115	458.4606801
0.1725115	458.5558277
0.1726115	458.4241378
0.1727115	458.3807009
0.1728115	458.306927
0.1729115	458.5778909
0.1730115	458.4172431
0.1731115	458.306927
0.1731115	458.8405812
0.1731115	458.4758485
0.1732115	458.6075384
0.1733115	458.4317221
0.1733115	458.7164755
0.1734115	458.5123907
0.1734115	458.4317221
0.1735115	458.7454335
0.1736115	458.7088913
0.1737115	458.5999541
0.1737115	458.2703848
0.1738115	458.5634119
0.1738115	458.4537853
0.1739115	458.306927
0.1739115	458.4020746
0.1740115	458.5413487
0.1741115	458.1897161
0.1742115	458.2117793
0.1743115	458.5268697
0.1744115	458.3875956
0.1744115	458.1690318
0.1745115	458.3000322
0.1745115	458.4903275
0.1746115	458.4606801
0.1747115	458.4241378
0.1747115	458.5192855
0.1748115	458.4972223
0.1749115	458.4172431
0.1749115	458.2483215
0.1751115	458.3145112
0.1751115	458.0007997
0.1752115	458.1973003
0.1752115	458.5413487
0.1753115	458.3365744
0.1754115	458.1973003
0.1755115	458.2559058
0.1755115	458.5634119
0.1756115	458.3875956
0.1757115	458.3586376
0.1758115	458.5337645
0.1758115	458.3731166
0.1759115	458.2483215
0.1760115	458.3365744
0.1760115	458.5999541
0.1761115	458.3145112
0.1762115	458.0814684
0.1763115	458.0883632
0.1763115	458.4020746
0.1764115	457.9277153
0.1765115	458.0814684
0.1765115	458.6723491
0.1766115	458.6144331
0.1767115	458.2855532
0.1768115	458.5999541
0.1768115	458.7309545
0.1769115	458.4537853
0.1770115	458.5999541
0.1771115	458.6578701
0.1771115	458.6364964
0.1772115	458.4606801
0.1773115	458.3586376
0.1773115	458.4606801
0.1774115	458.3434692
0.1775115	458.2269478
0.1775115	458.292448
0.1776115	458.3655324
0.1777115	458.1545528
0.1777115	458.0594052
0.1778115	458.6296016
0.1779115	458.4241378
0.1779115	458.0007997
0.1780115	458.3731166
0.1781115	458.4462011
0.1782115	458.3951799
0.1782115	458.4020746
0.1783115	458.6144331
0.1784115	458.277969
0.1785115	458.1028421
0.1785115	458.2117793
0.1786115	458.5268697
0.1787115	458.4096588
0.1787115	458.0814684
0.1788115	458.4827433
0.1789115	458.3731166
0.1789115	458.0297577
0.1790115	458.3365744
0.1791115	458.6364964
0.1792115	458.4096588
0.1792115	458.0814684
0.1793115	458.6647649
0.1794115	458.6296016
0.1795115	458.3875956
0.1795115	458.4682643
0.1796115	458.6799333
0.1797115	458.3807009
0.1798115	458.4172431
0.1798115	458.4972223
0.1799115	458.5337645
0.1800115	458.1973003
0.1800115	457.9711523
0.1802115	458.5923699
0.1802115	458.6509754
0.1803115	458.4827433
0.1804115	458.6296016
0.1804115	458.6647649
0.1805115	458.4827433
0.1806115	458.292448
0.1807115	458.78956
0.1807115	458.7454335
0.1809115	458.4606801
0.1810115	458.6868281
0.1811115	459.0019185
0.1810115	458.5413487
0.1811115	458.3731166
0.1812115	458.4758485
0.1813115	458.5778909
0.1813115	458.4537853
0.1813115	458.4682643
0.1815115	458.804039
0.1816115	458.5634119
0.1816115	458.7013071
0.1817115	459.0529397
0.1817115	458.8991866
0.1817115	458.6944123
0.1818115	458.3731166
0.1819115	458.7088913
0.1820115	458.7013071
0.1821115	458.6578701
0.1822115	458.9653763
0.1822115	458.7964547
0.1823115	458.4758485
0.1823115	458.6868281
0.1824115	458.5558277
0.1824115	458.4537853
0.1825115	458.5709962
0.1826115	458.6723491
0.1827115	459.0750029
0.1827115	458.5709962
0.1828115	458.5999541
0.1828115	458.7964547
0.1829115	459.0163975
0.1829115	458.3951799
0.1831115	458.7013071
0.1832115	458.9433131
0.1832115	458.4317221
0.1833115	458.5709962
0.1834115	458.5634119
0.1835115	458.9357288
0.1835115	458.306927
0.1836115	458.5123907
0.1837115	458.7309545
0.1838115	458.6144331
0.1838115	458.3875956
0.1839115	458.9136656
0.1840115	459.0894819
0.1840115	458.3655324
0.1842115	458.5268697
0.1842115	459.1473979
0.1843115	459.0163975
0.1844115	458.4537853
0.1844115	458.7309545
0.1845115	459.1039609
0.1845115	458.6075384
0.1846115	458.4903275
0.1847115	458.5923699
0.1848115	458.6868281
0.1849115	458.3731166
0.1850115	458.5558277
0.1850115	458.8626444
0.1851115	458.5123907
0.1852115	458.2193635
0.1853115	458.8626444
0.1853115	458.8405812
0.1854115	458.2703848
0.1854115	458.5709962
0.1855115	458.7819757
0.1856115	458.804039
0.1856115	458.306927
0.1857115	458.4386168
0.1858115	458.292448
0.1859115	458.4682643
0.1859115	458.0442367
0.1860115	458.3510534
0.1860115	458.6364964
0.1860115	458.2269478
0.1861115	458.3807009
0.1861115	458.6144331
0.1862115	458.0007997
0.1863115	458.2414268
0.1865115	458.5778909
0.1865115	458.6296016
0.1866115	458.1393844
0.1866115	458.1897161
0.1868115	458.5337645
0.1869115	458.4020746
0.1869115	458.1545528
0.1870115	458.26349
0.1871115	458.3434692
0.1871115	458.1249054
0.1873115	458.2338425
0.1873115	458.2855532
0.1874115	458.4682643
0.1874115	458.1180106
0.1875115	458.3951799
0.1876115	458.4462011
0.1877115	458.037342
0.1878115	458.1897161
0.1878115	458.4537853
0.1879115	458.2703848
0.1880115	458.0442367
0.1881115	458.3289902
0.1882115	458.4020746
0.1883115	458.26349
0.1883115	458.3731166
0.1884115	458.2483215
0.1885115	458.1393844
0.1885115	458.0518209
0.1887115	458.1104264
0.1887115	458.2193635
0.1887115	458.1690318
0.1888115	458.1973003
0.1889115	458.1973003
0.1890115	458.3220954
0.1890115	458.0738842
0.1891115	458.3000322
0.1891115	458.4462011
0.1892115	458.2559058
0.1893115	458.1324896
0.1894115	458.1324896
0.1895115	458.2048846
0.1895115	457.9787365
0.1895115	457.5767722
0.1896115	458.0076945
0.1897115	457.9125468
0.1898115	457.751899
0.1899115	457.8325677
0.1899115	457.9863208
0.1900115	457.9056521
0.1900115	458.0076945
0.1901115	458.022863
0.1902115	457.6650251
0.1903115	457.6932936
0.1904115	458.1324896
0.1904115	457.9863208
0.1905115	457.8539414
0.1905115	457.9056521
0.1906115	457.9125468
0.1907115	457.9346101
0.1908115	457.9566733
0.1909115	457.8470467
0.1910115	457.8325677
0.1910115	457.8470467
0.1911115	457.7298358
0.1912115	457.6498566
0.1912115	457.9787365
0.1913115	457.8105044
0.1914115	457.9490891
0.1915115	458.0883632
0.1916115	458.0007997
0.1917115	457.8980679
0.1917115	457.8173992
0.1918115	457.7001883
0.1919115	457.5333352
0.1920115	457.8760046
0.1921115	457.9711523
0.1922115	458.0007997
0.1922115	457.6795041
0.1922115	457.4892088
0.1923115	457.8835889
0.1924115	457.4747298
0.1925115	457.4892088
0.1925115	457.7222515
0.1927115	458.1614476
0.1927115	457.7443148
0.1927115	457.780857
0.1928115	458.1324896
0.1929115	457.8325677
0.1929115	457.6719198
0.1929115	457.6574408
0.1930115	457.9787365
0.1931115	457.5622932
0.1932115	457.6795041
0.1932115	457.5622932
0.1933115	457.525751
0.1934115	457.2989135
0.1935115	457.1961816
0.1936115	457.4230191
0.1937115	457.4161243
0.1937115	457.3430399
0.1937115	457.525751
0.1938115	457.5333352
0.1939115	457.3795821
0.1940115	457.1237866
0.1940115	457.4009559
0.1940115	457.2106606
0.1941115	457.0727654
0.1942115	457.3719979
0.1943115	457.4009559
0.1944115	457.1093076
0.1944115	456.9555545
0.1946115	457.1679131
0.1946115	456.9265966
0.1947115	457.1389551
0.1947115	456.8900543
0.1949115	457.2913292
0.1949115	456.9410755
0.1950115	457.269266
0.1951115	457.3133924
0.1951115	457.3499347
0.1952115	456.9920968
0.1953115	456.9334913
0.1954115	457.3354557
0.1954115	456.985202
0.1955115	456.714238
0.1956115	457.1237866
0.1957115	457.1389551
0.1957115	456.5832376
0.1958115	456.6342588
0.1959115	456.9776178
0.1960115	456.7873225
0.1960115	456.6273641
0.1961115	456.4219003
0.1962115	456.7873225
0.1963115	456.6197799
0.1963115	456.3122737
0.1964115	456.7949067
0.1965115	456.9486598
0.1966115	456.5101532
0.1966115	456.6494273
0.1967115	456.743196
0.1968115	456.6928643
0.1969115	456.5466954
0.1969115	456.4805058
0.1970115	456.217126
0.1971115	456.0716467
0.1971115	456.1012941
0.1972115	456.1888575
0.1973115	456.2109208
0.1973115	455.9109988
0.1974115	456.0937099
0.1975115	456.1447311
0.1976115	455.8668724
0.1977115	455.9109988
0.1977115	455.9840832
0.1977115	456.0426887
0.1978115	455.7937879
0.1979115	455.7937879
0.1980115	456.0571677
0.1980115	455.8958303
0.1980115	455.6186611
0.1981115	455.5965979
0.1982115	455.8813514
0.1983115	455.6917455
0.1983115	455.5235135
0.1984115	455.6407243
0.1986115	455.479387
0.1986115	455.3332181
0.1987115	455.4283658
0.1988115	455.5676399
0.1989115	455.4428448
0.1989115	455.3994078
0.1990115	455.4283658
0.1991115	455.5600557
0.1992115	455.1367176
0.1993115	455.180844
0.1994115	455.2890917
0.1994115	455.0050277
0.1995115	454.683732
0.1996115	455.180844
0.1996115	455.0195067
0.1997115	454.7781902
0.1998115	454.8581694
0.1999115	454.9319433
0.2000115	455.0850069
0.2000115	454.7278585
0.2001115	455.0270909
0.2002115	454.8733378
0.2003115	454.8436904
0.2004115	454.8657536
0.2004115	454.9609013
0.2005115	454.6106476
0.2006115	454.5741054
0.2007115	454.5665211
0.2008115	454.8436904
0.2008115	454.5375632
0.2009115	454.4051838
0.2010115	454.4348313
0.2010115	454.3686416
0.2011115	454.2528097
0.2011115	454.3320994
0.2013115	454.5299789
0.2013115	454.4348313
0.2014115	454.1500778
0.2014115	454.4568945
0.2015115	454.2086832
0.2016115	454.2810782
0.2016115	454.1135356
0.2017115	454.259015
0.2018115	453.9597825
0.2019115	453.8060294
0.2020115	454.0769934
0.2020115	453.66055
0.2021115	453.6536553
0.2022115	453.6970922
0.2022115	453.7412187
0.2023115	453.7046765
0.2024115	453.4047545
0.2025115	453.8136136
0.2025115	453.66055
0.2026115	453.4337125
0.2027115	453.5364444
0.2028115	453.7046765
0.2028115	453.4116493
0.2029115	453.6164236
0.2030115	453.4116493
0.2030115	453.5212759
0.2031115	453.477839
0.2032115	453.1200011
0.2033115	453.1710223
0.2034115	453.2441067
0.2035115	453.1786065
0.2035115	453.0613956
0.2035115	453.1200011
0.2037115	453.1124168
0.2038115	453.0903536
0.2039115	453.1420643
0.2039115	453.0682904
0.2040115	453.0317482
0.2041115	452.7697474
0.2041115	453.0103744
0.2042115	452.7621632
0.2043115	452.9000583
0.2045115	452.7697474
0.2045115	452.7980159
0.2046115	452.7621632
0.2046115	452.425699
0.2048115	452.6959735
0.2048115	452.4767202
0.2048115	452.4987834
0.2049115	452.1630088
0.2050115	452.3298619
0.2051115	452.4622412
0.2052115	452.5422204
0.2052115	452.5573889
0.2053115	452.5573889
0.2053115	452.2285089
0.2054115	452.2285089
0.2055115	452.3595093
0.2055115	452.1554245
0.2056115	451.9354818
0.2056115	452.1774877
0.2057115	452.2946986
0.2058115	451.7686286
0.2059115	451.6369388
0.2060115	451.68796
0.2060115	451.9506502
0.2060115	451.5707491
0.2061115	451.4976647
0.2062115	451.914108
0.2063115	451.2935799
0.2064115	451.4535382
0.2065115	451.8699816
0.2066115	451.4094118
0.2066115	451.3439116
0.2067115	451.16189
0.2067115	451.3728696
0.2068115	451.3004746
0.2069115	450.9274682
0.2069115	451.0302001
0.2070115	450.7895731
0.2070115	450.8330101
0.2071115	450.8040521
0.2072115	450.7089044
0.2073115	451.0446791
0.2074115	450.6571938
0.2075115	450.7744046
0.2075115	451.0667423
0.2076115	450.5772146
0.2077115	450.5841093
0.2078115	450.4820669
0.2079115	450.5041302
0.2079115	450.3572718
0.2080115	450.393814
0.2081115	450.4889617
0.2082115	450.3717508
0.2083115	450.379335
0.2083115	450.2048977
0.2084115	450.2848769
0.2085115	450.0070182
0.2086115	449.8249966
0.2086115	449.9484127
0.2087115	449.7663911
0.2088115	449.6712435
0.2089115	449.641596
0.2090115	449.7443279
0.2090115	449.3926953
0.2091115	449.5030114
0.2092115	449.4147585
0.2092115	449.3926953
0.2093115	449.3926953
0.2093115	449.3782163
0.2095115	449.4078637
0.2095115	449.0865681
0.2096115	449.0865681
0.2097115	449.1741315
0.2098115	449.0424416
0.2099115	448.7652724
0.2099115	448.6480615
0.2100115	448.7728566
0.2101115	448.8238778
0.2102115	448.3915765
0.2102115	448.319871
0.2103115	448.6777089
0.2104115	447.9682384
0.2104115	448.1585337
0.2105115	448.2171392
0.2106115	448.0558018
0.2106115	447.8889487
0.2107115	448.0192596
0.2108115	448.2171392
0.2109115	447.5007739
0.2109115	447.4711264
0.2110115	447.2891048
0.2110115	447.3477103
0.2111115	446.88783
0.2112115	447.1063938
0.2113115	447.2746258
0.2114115	447.1063938
0.2114115	446.88783
0.2115115	447.0112461
0.2115115	447.0402041
0.2116115	446.6754714
0.2117115	446.8361193
0.2118115	446.9526407
0.2118115	446.3321125
0.2119115	446.2080069
0.2120115	446.5072394
0.2121115	446.2445491
0.2122115	445.9301482
0.2123115	445.7253739
0.2124115	445.9591062
0.2125115	445.6964159
0.2126115	445.2503251
0.2126115	445.3309938
0.2127115	445.4482046
0.2128115	445.053135
0.210076	448.193697
0.210076	448.1219915
0.210176	448.4798294
0.210276	447.7703589
0.210276	447.9606542
0.210376	448.0192596
0.210476	447.8579223
0.210476	447.6910692
0.210576	447.8213801
0.210676	448.0192596
0.210776	447.3028943
0.210776	447.2732469
0.210876	447.0912253
0.210876	447.1498307
0.210976	446.6899504
0.211076	446.9085142
0.211176	447.0767463
0.211276	446.9085142
0.211276	446.6899504
0.211376	446.8133666
0.211376	446.8423246
0.211476	446.4775919
0.211576	446.6382397
0.211676	446.7547611
0.211676	446.134233
0.211776	446.0101274
0.211876	446.3093598
0.211976	446.0466696
0.212076	445.7322686
0.212176	445.5274943
0.212276	445.7612266
0.212376	445.4985364
0.212476	445.0524456
0.212476	445.1331142
0.212576	445.2503251
0.212676	444.8552555
0.213000	445.5881682
